color_instructions.thisRepN,color_instructions.thisTrialN,color_instructions.thisN,color_instructions.thisIndex,color_training.thisRepN,color_training.thisTrialN,color_training.thisN,color_training.thisIndex,shape_instructions.thisRepN,shape_instructions.thisTrialN,shape_instructions.thisN,shape_instructions.thisIndex,shape_training.thisRepN,shape_training.thisTrialN,shape_training.thisN,shape_training.thisIndex,color_shape_instructions.thisRepN,color_shape_instructions.thisTrialN,color_shape_instructions.thisN,color_shape_instructions.thisIndex,css_blocks.thisRepN,css_blocks.thisTrialN,css_blocks.thisN,css_blocks.thisIndex,css_trials.thisRepN,css_trials.thisTrialN,css_trials.thisN,css_trials.thisIndex,welcome_msg.started,welcome_next.started,welcome_resp.started,participant_code,instr_msg.started,previous.started,next.started,instr_resp.started,fixation_2.started,resp_2.started,circle_2.started,triangle_2.started,left_msg_2.started,right_msg_2.started,left_button_2.started,right_button_2.started,fixation_2.stopped,condition,phase,block,cue,shape,color,trial_type,resp_corr,opa_circle,opa_triangle,resp_2.keys,resp_2.corr,resp_2.rt,new_trial_prompt.started,new_trial_next.started,new_trial_resp.started,fixation.started,cue_msg.started,fixation.stopped,resp.started,circle.started,triangle.started,left_msg.started,right_msg.started,left_button.started,right_button.started,resp.keys,resp.corr,resp.rt,thanks_prompt.started,thanks_spacebar.started,thanks_resp.started,session_duration,ID,Nome Completo,date,expName,psychopyVersion,frameRate,
,,,,,,,,,,,,,,,,,,,,,,,,,,,,94.27030350000132,94.27030350000132,0.042090000002644956,826594791,,,,,,,,,,,,,,,,,,,,,,,,,,,,,,,,,,,,,,,,,,,,,,,826594791,Marcos,2025-09-20_20h04.34.469,css-task,2022.2.1,59.378156320177844,
,,,,0,0,0,0,,,,,,,,,,,,,,,,,,,,,,,,826594791,113.6698690999765,113.6698690999765,113.6698690999765,0.03229110001120716,114.4058081000112,114.73568420001538,114.73568420001538,114.73568420001538,114.73568420001538,114.73568420001538,114.73568420001538,114.73568420001538,114.77031120000174,homogeneous,color,None,None,triangle,green,None,right,0,1,right,1,0.5854879000107758,,,,,,,,,,,,,,,,,,,,,826594791,Marcos,2025-09-20_20h04.34.469,css-task,2022.2.1,59.378156320177844,
,,,,1,0,1,0,,,,,,,,,,,,,,,,,,,,,,,,826594791,,,,,115.33837100001983,115.68798599997535,115.68798599997535,115.68798599997535,115.68798599997535,115.68798599997535,115.68798599997535,115.68798599997535,115.68798599997535,homogeneous,color,None,None,circle,green,None,right,1,0,right,1,0.4671556999674067,,,,,,,,,,,,,,,,,,,,,826594791,Marcos,2025-09-20_20h04.34.469,css-task,2022.2.1,59.378156320177844,
,,,,2,0,2,0,,,,,,,,,,,,,,,,,,,,,,,,826594791,,,,,116.17020799999591,116.52075690001948,116.52075690001948,116.52075690001948,116.52075690001948,116.52075690001948,116.52075690001948,116.52075690001948,116.52075690001948,homogeneous,color,None,None,triangle,green,None,right,0,1,right,1,0.36733610002556816,,,,,,,,,,,,,,,,,,,,,826594791,Marcos,2025-09-20_20h04.34.469,css-task,2022.2.1,59.378156320177844,
,,,,3,0,3,0,,,,,,,,,,,,,,,,,,,,,,,,826594791,,,,,116.90368009998929,117.25238119997084,117.25238119997084,117.25238119997084,117.25238119997084,117.25238119997084,117.25238119997084,117.25238119997084,117.25238119997084,homogeneous,color,None,None,triangle,blue,None,left,0,1,left,1,0.3873394000111148,,,,,,,,,,,,,,,,,,,,,826594791,Marcos,2025-09-20_20h04.34.469,css-task,2022.2.1,59.378156320177844,
,,,,4,0,4,0,,,,,,,,,,,,,,,,,,,,,,,,826594791,,,,,117.6535233000177,118.01854229997844,118.01854229997844,118.01854229997844,118.01854229997844,118.01854229997844,118.01854229997844,118.01854229997844,118.01854229997844,homogeneous,color,None,None,circle,green,None,right,1,0,right,1,0.35198410000884905,,,,,,,,,,,,,,,,,,,,,826594791,Marcos,2025-09-20_20h04.34.469,css-task,2022.2.1,59.378156320177844,
,,,,5,0,5,0,,,,,,,,,,,,,,,,,,,,,,,,826594791,,,,,118.38617810001597,118.75173229997745,118.75173229997745,118.75173229997745,118.75173229997745,118.75173229997745,118.75173229997745,118.75173229997745,118.75173229997745,homogeneous,color,None,None,circle,blue,None,left,1,0,left,1,0.3021267000003718,,,,,,,,,,,,,,,,,,,,,826594791,Marcos,2025-09-20_20h04.34.469,css-task,2022.2.1,59.378156320177844,
,,,,6,0,6,0,,,,,,,,,,,,,,,,,,,,,,,,826594791,,,,,119.06899469997734,119.4353716999758,119.4353716999758,119.4353716999758,119.4353716999758,119.4353716999758,119.4353716999758,119.4353716999758,119.4353716999758,homogeneous,color,None,None,triangle,blue,None,left,0,1,left,1,0.3348920000134967,,,,,,,,,,,,,,,,,,,,,826594791,Marcos,2025-09-20_20h04.34.469,css-task,2022.2.1,59.378156320177844,
,,,,7,0,7,0,,,,,,,,,,,,,,,,,,,,,,,,826594791,,,,,119.78580549999606,120.13709019997623,120.13709019997623,120.13709019997623,120.13709019997623,120.13709019997623,120.13709019997623,120.13709019997623,120.13709019997623,homogeneous,color,None,None,circle,blue,None,left,1,0,left,1,0.3023964999592863,,,,,,,,,,,,,,,,,,,,,826594791,Marcos,2025-09-20_20h04.34.469,css-task,2022.2.1,59.378156320177844,
,,,,8,0,8,0,,,,,,,,,,,,,,,,,,,,,,,,826594791,,,,,120.45325139997294,120.8040186999715,120.8040186999715,120.8040186999715,120.8040186999715,120.8040186999715,120.8040186999715,120.8040186999715,120.8040186999715,homogeneous,color,None,None,circle,green,None,right,1,0,right,1,0.36920909996842965,,,,,,,,,,,,,,,,,,,,,826594791,Marcos,2025-09-20_20h04.34.469,css-task,2022.2.1,59.378156320177844,
,,,,9,0,9,0,,,,,,,,,,,,,,,,,,,,,,,,826594791,,,,,121.20202319999225,121.53675319999456,121.53675319999456,121.53675319999456,121.53675319999456,121.53675319999456,121.53675319999456,121.53675319999456,121.55370089999633,homogeneous,color,None,None,triangle,blue,None,left,0,1,left,1,0.36793279997073114,,,,,,,,,,,,,,,,,,,,,826594791,Marcos,2025-09-20_20h04.34.469,css-task,2022.2.1,59.378156320177844,
,,,,10,0,10,0,,,,,,,,,,,,,,,,,,,,,,,,826594791,,,,,121.91986819996964,122.27034430002095,122.27034430002095,122.27034430002095,122.27034430002095,122.27034430002095,122.27034430002095,122.27034430002095,122.28807949996553,homogeneous,color,None,None,circle,blue,None,left,1,0,left,1,0.4026034999988042,,,,,,,,,,,,,,,,,,,,,826594791,Marcos,2025-09-20_20h04.34.469,css-task,2022.2.1,59.378156320177844,
,,,,11,0,11,0,,,,,,,,,,,,,,,,,,,,,,,,826594791,,,,,122.68659639998805,123.03808879997814,123.03808879997814,123.03808879997814,123.03808879997814,123.03808879997814,123.03808879997814,123.03808879997814,123.03808879997814,homogeneous,color,None,None,triangle,blue,None,left,0,1,left,1,0.3318862000014633,,,,,,,,,,,,,,,,,,,,,826594791,Marcos,2025-09-20_20h04.34.469,css-task,2022.2.1,59.378156320177844,
,,,,12,0,12,0,,,,,,,,,,,,,,,,,,,,,,,,826594791,,,,,123.38761969999177,123.75331639999058,123.75331639999058,123.75331639999058,123.75331639999058,123.75331639999058,123.75331639999058,123.75331639999058,123.75331639999058,homogeneous,color,None,None,circle,blue,None,left,1,0,left,1,0.3337325000320561,,,,,,,,,,,,,,,,,,,,,826594791,Marcos,2025-09-20_20h04.34.469,css-task,2022.2.1,59.378156320177844,
,,,,13,0,13,0,,,,,,,,,,,,,,,,,,,,,,,,826594791,,,,,124.10401629999978,124.46875589998672,124.46875589998672,124.46875589998672,124.46875589998672,124.46875589998672,124.46875589998672,124.46875589998672,124.46875589998672,homogeneous,color,None,None,triangle,green,None,right,0,1,right,1,0.35285369999473915,,,,,,,,,,,,,,,,,,,,,826594791,Marcos,2025-09-20_20h04.34.469,css-task,2022.2.1,59.378156320177844,
,,,,14,0,14,0,,,,,,,,,,,,,,,,,,,,,,,,826594791,,,,,124.83701680001104,125.18800510000437,125.18800510000437,125.18800510000437,125.18800510000437,125.18800510000437,125.18800510000437,125.18800510000437,125.18800510000437,homogeneous,color,None,None,triangle,green,None,right,0,1,right,1,0.33435660001123324,,,,,,,,,,,,,,,,,,,,,826594791,Marcos,2025-09-20_20h04.34.469,css-task,2022.2.1,59.378156320177844,
,,,,15,0,15,0,,,,,,,,,,,,,,,,,,,,,,,,826594791,,,,,125.55209780001314,125.88724569999613,125.88724569999613,125.88724569999613,125.88724569999613,125.88724569999613,125.88724569999613,125.88724569999613,125.90442919998895,homogeneous,color,None,None,circle,green,None,right,1,0,right,1,0.33566340000834316,,,,,,,,,,,,,,,,,,,,,826594791,Marcos,2025-09-20_20h04.34.469,css-task,2022.2.1,59.378156320177844,
,,,,16,0,16,0,,,,,,,,,,,,,,,,,,,,,,,,826594791,,,,,126.23671339999419,126.58770289999666,126.58770289999666,126.58770289999666,126.58770289999666,126.58770289999666,126.58770289999666,126.58770289999666,126.58770289999666,homogeneous,color,None,None,triangle,green,None,right,0,1,right,1,0.35113960003945976,,,,,,,,,,,,,,,,,,,,,826594791,Marcos,2025-09-20_20h04.34.469,css-task,2022.2.1,59.378156320177844,
,,,,17,0,17,0,,,,,,,,,,,,,,,,,,,,,,,,826594791,,,,,126.96844069997314,127.3020189999952,127.3020189999952,127.3020189999952,127.3020189999952,127.3020189999952,127.3020189999952,127.3020189999952,127.31872179999482,homogeneous,color,None,None,triangle,green,None,right,0,1,right,1,0.3190576999913901,,,,,,,,,,,,,,,,,,,,,826594791,Marcos,2025-09-20_20h04.34.469,css-task,2022.2.1,59.378156320177844,
,,,,18,0,18,0,,,,,,,,,,,,,,,,,,,,,,,,826594791,,,,,127.6361687000026,128.00108859996544,128.00108859996544,128.00108859996544,128.00108859996544,128.00108859996544,128.00108859996544,128.00108859996544,128.00108859996544,homogeneous,color,None,None,triangle,blue,None,left,0,1,left,1,0.3525484999991022,,,,,,,,,,,,,,,,,,,,,826594791,Marcos,2025-09-20_20h04.34.469,css-task,2022.2.1,59.378156320177844,
,,,,19,0,19,0,,,,,,,,,,,,,,,,,,,,,,,,826594791,,,,,128.36946209997404,128.7197293000063,128.7197293000063,128.7197293000063,128.7197293000063,128.7197293000063,128.7197293000063,128.7197293000063,128.7197293000063,homogeneous,color,None,None,circle,green,None,right,1,0,right,1,0.38471760001266375,,,,,,,,,,,,,,,,,,,,,826594791,Marcos,2025-09-20_20h04.34.469,css-task,2022.2.1,59.378156320177844,
,,,,20,0,20,0,,,,,,,,,,,,,,,,,,,,,,,,826594791,,,,,129.1200322000077,129.46912690001773,129.46912690001773,129.46912690001773,129.46912690001773,129.46912690001773,129.46912690001773,129.46912690001773,129.48550780001096,homogeneous,color,None,None,circle,blue,None,left,1,0,left,1,0.38399599998956546,,,,,,,,,,,,,,,,,,,,,826594791,Marcos,2025-09-20_20h04.34.469,css-task,2022.2.1,59.378156320177844,
,,,,21,0,21,0,,,,,,,,,,,,,,,,,,,,,,,,826594791,,,,,129.86883019999368,130.21960830001626,130.21960830001626,130.21960830001626,130.21960830001626,130.21960830001626,130.21960830001626,130.21960830001626,130.21960830001626,homogeneous,color,None,None,triangle,green,None,right,0,1,right,1,0.5017387999687344,,,,,,,,,,,,,,,,,,,,,826594791,Marcos,2025-09-20_20h04.34.469,css-task,2022.2.1,59.378156320177844,
,,,,22,0,22,0,,,,,,,,,,,,,,,,,,,,,,,,826594791,,,,,130.73739829997066,131.08575179998297,131.08575179998297,131.08575179998297,131.08575179998297,131.08575179998297,131.08575179998297,131.08575179998297,131.10314059996745,homogeneous,color,None,None,circle,green,None,right,1,0,right,1,0.30107719998341054,,,,,,,,,,,,,,,,,,,,,826594791,Marcos,2025-09-20_20h04.34.469,css-task,2022.2.1,59.378156320177844,
,,,,23,0,23,0,,,,,,,,,,,,,,,,,,,,,,,,826594791,,,,,131.40283649996854,131.7531701999833,131.7531701999833,131.7531701999833,131.7531701999833,131.7531701999833,131.7531701999833,131.7531701999833,131.7531701999833,homogeneous,color,None,None,triangle,green,None,right,0,1,right,1,0.3360728000407107,,,,,,,,,,,,,,,,,,,,,826594791,Marcos,2025-09-20_20h04.34.469,css-task,2022.2.1,59.378156320177844,
,,,,24,0,24,0,,,,,,,,,,,,,,,,,,,,,,,,826594791,,,,,132.11816790001467,132.4524822999956,132.4524822999956,132.4524822999956,132.4524822999956,132.4524822999956,132.4524822999956,132.4524822999956,132.47029179998208,homogeneous,color,None,None,circle,blue,None,left,1,0,left,1,0.36729180003749207,,,,,,,,,,,,,,,,,,,,,826594791,Marcos,2025-09-20_20h04.34.469,css-task,2022.2.1,59.378156320177844,
,,,,25,0,25,0,,,,,,,,,,,,,,,,,,,,,,,,826594791,,,,,132.83580739999888,133.18599929998163,133.18599929998163,133.18599929998163,133.18599929998163,133.18599929998163,133.18599929998163,133.18599929998163,133.20305349997943,homogeneous,color,None,None,triangle,blue,None,left,0,1,left,1,0.30219170002965257,,,,,,,,,,,,,,,,,,,,,826594791,Marcos,2025-09-20_20h04.34.469,css-task,2022.2.1,59.378156320177844,
,,,,26,0,26,0,,,,,,,,,,,,,,,,,,,,,,,,826594791,,,,,133.50259170000209,133.85365880001336,133.85365880001336,133.85365880001336,133.85365880001336,133.85365880001336,133.85365880001336,133.85365880001336,133.85365880001336,homogeneous,color,None,None,triangle,green,None,right,0,1,right,1,0.38346500002080575,,,,,,,,,,,,,,,,,,,,,826594791,Marcos,2025-09-20_20h04.34.469,css-task,2022.2.1,59.378156320177844,
,,,,27,0,27,0,,,,,,,,,,,,,,,,,,,,,,,,826594791,,,,,134.25320749997627,134.60368030000245,134.60368030000245,134.60368030000245,134.60368030000245,134.60368030000245,134.60368030000245,134.60368030000245,134.60368030000245,homogeneous,color,None,None,circle,blue,None,left,1,0,left,1,0.6175187999615446,,,,,,,,,,,,,,,,,,,,,826594791,Marcos,2025-09-20_20h04.34.469,css-task,2022.2.1,59.378156320177844,
,,,,28,0,28,0,,,,,,,,,,,,,,,,,,,,,,,,826594791,,,,,135.23535410000477,135.60079240001505,135.60079240001505,135.60079240001505,135.60079240001505,135.60079240001505,135.60079240001505,135.60079240001505,135.60079240001505,homogeneous,color,None,None,triangle,blue,None,left,0,1,left,1,0.3032187999924645,,,,,,,,,,,,,,,,,,,,,826594791,Marcos,2025-09-20_20h04.34.469,css-task,2022.2.1,59.378156320177844,
,,,,29,0,29,0,,,,,,,,,,,,,,,,,,,,,,,,826594791,,,,,135.91836969996803,136.2696624000091,136.2696624000091,136.2696624000091,136.2696624000091,136.2696624000091,136.2696624000091,136.2696624000091,136.2696624000091,homogeneous,color,None,None,triangle,blue,None,left,0,1,left,1,0.3018922000192106,,,,,,,,,,,,,,,,,,,,,826594791,Marcos,2025-09-20_20h04.34.469,css-task,2022.2.1,59.378156320177844,
,,,,30,0,30,0,,,,,,,,,,,,,,,,,,,,,,,,826594791,,,,,136.60152019996895,136.93599269998958,136.93599269998958,136.93599269998958,136.93599269998958,136.93599269998958,136.93599269998958,136.93599269998958,136.95358520001173,homogeneous,color,None,None,circle,blue,None,left,1,0,left,1,0.36848840001039207,,,,,,,,,,,,,,,,,,,,,826594791,Marcos,2025-09-20_20h04.34.469,css-task,2022.2.1,59.378156320177844,
,,,,31,0,31,0,,,,,,,,,,,,,,,,,,,,,,,,826594791,,,,,137.31981879996601,137.6846099999966,137.6846099999966,137.6846099999966,137.6846099999966,137.6846099999966,137.6846099999966,137.6846099999966,137.6846099999966,homogeneous,color,None,None,circle,green,None,right,1,0,right,1,0.4516271000029519,,,,,,,,,,,,,,,,,,,,,826594791,Marcos,2025-09-20_20h04.34.469,css-task,2022.2.1,59.378156320177844,
,,,,32,0,32,0,,,,,,,,,,,,,,,,,,,,,,,,826594791,,,,,138.1531889999751,138.5041178999818,138.5041178999818,138.5041178999818,138.5041178999818,138.5041178999818,138.5041178999818,138.5041178999818,138.5041178999818,homogeneous,color,None,None,circle,green,None,right,1,0,right,1,0.33392119995551184,,,,,,,,,,,,,,,,,,,,,826594791,Marcos,2025-09-20_20h04.34.469,css-task,2022.2.1,59.378156320177844,
,,,,33,0,33,0,,,,,,,,,,,,,,,,,,,,,,,,826594791,,,,,138.8533556999755,139.2176292000222,139.2176292000222,139.2176292000222,139.2176292000222,139.2176292000222,139.2176292000222,139.2176292000222,139.2176292000222,homogeneous,color,None,None,triangle,blue,None,left,0,1,left,1,0.3875762000097893,,,,,,,,,,,,,,,,,,,,,826594791,Marcos,2025-09-20_20h04.34.469,css-task,2022.2.1,59.378156320177844,
,,,,34,0,34,0,,,,,,,,,,,,,,,,,,,,,,,,826594791,,,,,139.61951049999334,139.9699561999878,139.9699561999878,139.9699561999878,139.9699561999878,139.9699561999878,139.9699561999878,139.9699561999878,139.9699561999878,homogeneous,color,None,None,circle,green,None,right,1,0,right,1,0.4693964999751188,,,,,,,,,,,,,,,,,,,,,826594791,Marcos,2025-09-20_20h04.34.469,css-task,2022.2.1,59.378156320177844,
,,,,35,0,35,0,,,,,,,,,,,,,,,,,,,,,,,,826594791,,,,,140.4527712999843,140.80214200000046,140.80214200000046,140.80214200000046,140.80214200000046,140.80214200000046,140.80214200000046,140.80214200000046,140.80214200000046,homogeneous,color,None,None,triangle,green,None,right,0,1,right,1,0.6691224999958649,,,,,,,,,,,,,,,,,,,,,826594791,Marcos,2025-09-20_20h04.34.469,css-task,2022.2.1,59.378156320177844,
,,,,36,0,36,0,,,,,,,,,,,,,,,,,,,,,,,,826594791,,,,,141.48610360000748,141.85033310001018,141.85033310001018,141.85033310001018,141.85033310001018,141.85033310001018,141.85033310001018,141.85033310001018,141.85033310001018,homogeneous,color,None,None,circle,blue,None,left,1,0,left,1,0.4875152999884449,,,,,,,,,,,,,,,,,,,,,826594791,Marcos,2025-09-20_20h04.34.469,css-task,2022.2.1,59.378156320177844,
,,,,37,0,37,0,,,,,,,,,,,,,,,,,,,,,,,,826594791,,,,,142.35277120000683,142.71810609998647,142.71810609998647,142.71810609998647,142.71810609998647,142.71810609998647,142.71810609998647,142.71810609998647,142.71810609998647,homogeneous,color,None,None,triangle,green,None,right,0,1,right,1,0.537228100001812,,,,,,,,,,,,,,,,,,,,,826594791,Marcos,2025-09-20_20h04.34.469,css-task,2022.2.1,59.378156320177844,
,,,,38,0,38,0,,,,,,,,,,,,,,,,,,,,,,,,826594791,,,,,143.2684378999984,143.62060730002122,143.62060730002122,143.62060730002122,143.62060730002122,143.62060730002122,143.62060730002122,143.62060730002122,143.62060730002122,homogeneous,color,None,None,circle,green,None,right,1,0,right,1,0.3819968000170775,,,,,,,,,,,,,,,,,,,,,826594791,Marcos,2025-09-20_20h04.34.469,css-task,2022.2.1,59.378156320177844,
,,,,39,0,39,0,,,,,,,,,,,,,,,,,,,,,,,,826594791,,,,,144.01884679996874,144.36775139998645,144.36775139998645,144.36775139998645,144.36775139998645,144.36775139998645,144.36775139998645,144.36775139998645,144.3869878000114,homogeneous,color,None,None,circle,green,None,right,1,0,right,1,0.33466540003428236,,,,,,,,,,,,,,,,,,,,,826594791,Marcos,2025-09-20_20h04.34.469,css-task,2022.2.1,59.378156320177844,
,,,,40,0,40,0,,,,,,,,,,,,,,,,,,,,,,,,826594791,,,,,144.71915969997644,145.068581599975,145.068581599975,145.068581599975,145.068581599975,145.068581599975,145.068581599975,145.068581599975,145.068581599975,homogeneous,color,None,None,circle,blue,None,left,1,0,left,1,0.4164697999949567,,,,,,,,,,,,,,,,,,,,,826594791,Marcos,2025-09-20_20h04.34.469,css-task,2022.2.1,59.378156320177844,
,,,,41,0,41,0,,,,,,,,,,,,,,,,,,,,,,,,826594791,,,,,145.50256689998787,145.8683430000092,145.8683430000092,145.8683430000092,145.8683430000092,145.8683430000092,145.8683430000092,145.8683430000092,145.8683430000092,homogeneous,color,None,None,circle,green,None,right,1,0,right,1,0.3538507000193931,,,,,,,,,,,,,,,,,,,,,826594791,Marcos,2025-09-20_20h04.34.469,css-task,2022.2.1,59.378156320177844,
,,,,42,0,42,0,,,,,,,,,,,,,,,,,,,,,,,,826594791,,,,,146.25040640000952,146.60060529998736,146.60060529998736,146.60060529998736,146.60060529998736,146.60060529998736,146.60060529998736,146.60060529998736,146.62033649999648,homogeneous,color,None,None,triangle,green,None,right,0,1,right,1,0.4192230000044219,,,,,,,,,,,,,,,,,,,,,826594791,Marcos,2025-09-20_20h04.34.469,css-task,2022.2.1,59.378156320177844,
,,,,43,0,43,0,,,,,,,,,,,,,,,,,,,,,,,,826594791,,,,,147.03584359999513,147.4013232999714,147.4013232999714,147.4013232999714,147.4013232999714,147.4013232999714,147.4013232999714,147.4013232999714,147.4013232999714,homogeneous,color,None,None,triangle,green,None,right,0,1,right,1,0.38451100001111627,,,,,,,,,,,,,,,,,,,,,826594791,Marcos,2025-09-20_20h04.34.469,css-task,2022.2.1,59.378156320177844,
,,,,44,0,44,0,,,,,,,,,,,,,,,,,,,,,,,,826594791,,,,,147.8026688999962,148.16823790001217,148.16823790001217,148.16823790001217,148.16823790001217,148.16823790001217,148.16823790001217,148.16823790001217,148.16823790001217,homogeneous,color,None,None,circle,green,None,right,1,0,right,1,0.3203623999725096,,,,,,,,,,,,,,,,,,,,,826594791,Marcos,2025-09-20_20h04.34.469,css-task,2022.2.1,59.378156320177844,
,,,,45,0,45,0,,,,,,,,,,,,,,,,,,,,,,,,826594791,,,,,148.50306519999867,148.86806180002168,148.86806180002168,148.86806180002168,148.86806180002168,148.86806180002168,148.86806180002168,148.86806180002168,148.86806180002168,homogeneous,color,None,None,triangle,blue,None,left,0,1,left,1,0.35173520003445446,,,,,,,,,,,,,,,,,,,,,826594791,Marcos,2025-09-20_20h04.34.469,css-task,2022.2.1,59.378156320177844,
,,,,46,0,46,0,,,,,,,,,,,,,,,,,,,,,,,,826594791,,,,,149.23596560000442,149.60078949999297,149.60078949999297,149.60078949999297,149.60078949999297,149.60078949999297,149.60078949999297,149.60078949999297,149.60078949999297,homogeneous,color,None,None,circle,blue,None,left,1,0,left,1,0.301612599985674,,,,,,,,,,,,,,,,,,,,,826594791,Marcos,2025-09-20_20h04.34.469,css-task,2022.2.1,59.378156320177844,
,,,,47,0,47,0,,,,,,,,,,,,,,,,,,,,,,,,826594791,,,,,149.9193532000063,150.2668148999801,150.2668148999801,150.2668148999801,150.2668148999801,150.2668148999801,150.2668148999801,150.2668148999801,150.28518740000436,homogeneous,color,None,None,triangle,green,None,right,0,1,right,1,0.3520581999910064,,,,,,,,,,,,,,,,,,,,,826594791,Marcos,2025-09-20_20h04.34.469,css-task,2022.2.1,59.378156320177844,
,,,,48,0,48,0,,,,,,,,,,,,,,,,,,,,,,,,826594791,,,,,150.63557719998062,151.00077159999637,151.00077159999637,151.00077159999637,151.00077159999637,151.00077159999637,151.00077159999637,151.00077159999637,151.00077159999637,homogeneous,color,None,None,triangle,blue,None,left,0,1,left,1,0.3520890999934636,,,,,,,,,,,,,,,,,,,,,826594791,Marcos,2025-09-20_20h04.34.469,css-task,2022.2.1,59.378156320177844,
,,,,49,0,49,0,,,,,,,,,,,,,,,,,,,,,,,,826594791,,,,,151.36973639996722,151.7186777999741,151.7186777999741,151.7186777999741,151.7186777999741,151.7186777999741,151.7186777999741,151.7186777999741,151.7186777999741,homogeneous,color,None,None,triangle,blue,None,left,0,1,left,1,0.3852529000141658,,,,,,,,,,,,,,,,,,,,,826594791,Marcos,2025-09-20_20h04.34.469,css-task,2022.2.1,59.378156320177844,
,,,,50,0,50,0,,,,,,,,,,,,,,,,,,,,,,,,826594791,,,,,152.11892579996493,152.4834428000031,152.4834428000031,152.4834428000031,152.4834428000031,152.4834428000031,152.4834428000031,152.4834428000031,152.4834428000031,homogeneous,color,None,None,triangle,green,None,right,0,1,right,1,0.35385469999164343,,,,,,,,,,,,,,,,,,,,,826594791,Marcos,2025-09-20_20h04.34.469,css-task,2022.2.1,59.378156320177844,
,,,,51,0,51,0,,,,,,,,,,,,,,,,,,,,,,,,826594791,,,,,152.85172179999063,153.21868859999813,153.21868859999813,153.21868859999813,153.21868859999813,153.21868859999813,153.21868859999813,153.21868859999813,153.21868859999813,homogeneous,color,None,None,circle,green,None,right,1,0,right,1,0.401076500013005,,,,,,,,,,,,,,,,,,,,,826594791,Marcos,2025-09-20_20h04.34.469,css-task,2022.2.1,59.378156320177844,
,,,,52,0,52,0,,,,,,,,,,,,,,,,,,,,,,,,826594791,,,,,153.63557859999128,153.98512729996582,153.98512729996582,153.98512729996582,153.98512729996582,153.98512729996582,153.98512729996582,153.98512729996582,153.98512729996582,homogeneous,color,None,None,triangle,blue,None,left,0,1,left,1,0.3676800000248477,,,,,,,,,,,,,,,,,,,,,826594791,Marcos,2025-09-20_20h04.34.469,css-task,2022.2.1,59.378156320177844,
,,,,53,0,53,0,,,,,,,,,,,,,,,,,,,,,,,,826594791,,,,,154.36969550000504,154.71854620001977,154.71854620001977,154.71854620001977,154.71854620001977,154.71854620001977,154.71854620001977,154.71854620001977,154.71854620001977,homogeneous,color,None,None,triangle,blue,None,left,0,1,left,1,0.3008451000205241,,,,,,,,,,,,,,,,,,,,,826594791,Marcos,2025-09-20_20h04.34.469,css-task,2022.2.1,59.378156320177844,
,,,,54,0,54,0,,,,,,,,,,,,,,,,,,,,,,,,826594791,,,,,155.03568699996686,155.38414249999914,155.38414249999914,155.38414249999914,155.38414249999914,155.38414249999914,155.38414249999914,155.38414249999914,155.40269259997876,homogeneous,color,None,None,triangle,blue,None,left,0,1,left,1,0.32154189998982474,,,,,,,,,,,,,,,,,,,,,826594791,Marcos,2025-09-20_20h04.34.469,css-task,2022.2.1,59.378156320177844,
,,,,55,0,55,0,,,,,,,,,,,,,,,,,,,,,,,,826594791,,,,,155.73381030000746,156.08337549999123,156.08337549999123,156.08337549999123,156.08337549999123,156.08337549999123,156.08337549999123,156.08337549999123,156.1024842999759,homogeneous,color,None,None,triangle,blue,None,left,0,1,left,1,0.30522199999541044,,,,,,,,,,,,,,,,,,,,,826594791,Marcos,2025-09-20_20h04.34.469,css-task,2022.2.1,59.378156320177844,
,,,,56,0,56,0,,,,,,,,,,,,,,,,,,,,,,,,826594791,,,,,156.40085069998167,156.75192850001622,156.75192850001622,156.75192850001622,156.75192850001622,156.75192850001622,156.75192850001622,156.75192850001622,156.75192850001622,homogeneous,color,None,None,triangle,green,None,right,0,1,right,1,0.41851230000611395,,,,,,,,,,,,,,,,,,,,,826594791,Marcos,2025-09-20_20h04.34.469,css-task,2022.2.1,59.378156320177844,
,,,,57,0,57,0,,,,,,,,,,,,,,,,,,,,,,,,826594791,,,,,157.20057960000122,157.53643989999546,157.53643989999546,157.53643989999546,157.53643989999546,157.53643989999546,157.53643989999546,157.53643989999546,157.56777149997652,homogeneous,color,None,None,circle,blue,None,left,1,0,left,1,0.5176310000242665,,,,,,,,,,,,,,,,,,,,,826594791,Marcos,2025-09-20_20h04.34.469,css-task,2022.2.1,59.378156320177844,
,,,,58,0,58,0,,,,,,,,,,,,,,,,,,,,,,,,826594791,,,,,158.08429400000023,158.41793499997584,158.41793499997584,158.41793499997584,158.41793499997584,158.41793499997584,158.41793499997584,158.41793499997584,158.43433050002204,homogeneous,color,None,None,triangle,blue,None,left,0,1,left,1,0.4329849000205286,,,,,,,,,,,,,,,,,,,,,826594791,Marcos,2025-09-20_20h04.34.469,css-task,2022.2.1,59.378156320177844,
,,,,59,0,59,0,,,,,,,,,,,,,,,,,,,,,,,,826594791,,,,,158.86979540000902,159.2176967000123,159.2176967000123,159.2176967000123,159.2176967000123,159.2176967000123,159.2176967000123,159.2176967000123,159.23525560001144,homogeneous,color,None,None,triangle,blue,None,left,0,1,left,1,0.3029649000382051,,,,,,,,,,,,,,,,,,,,,826594791,Marcos,2025-09-20_20h04.34.469,css-task,2022.2.1,59.378156320177844,
,,,,60,0,60,0,,,,,,,,,,,,,,,,,,,,,,,,826594791,,,,,159.53493289998733,159.88597459997982,159.88597459997982,159.88597459997982,159.88597459997982,159.88597459997982,159.88597459997982,159.88597459997982,159.88597459997982,homogeneous,color,None,None,triangle,green,None,right,0,1,right,1,0.36459269997430965,,,,,,,,,,,,,,,,,,,,,826594791,Marcos,2025-09-20_20h04.34.469,css-task,2022.2.1,59.378156320177844,
,,,,61,0,61,0,,,,,,,,,,,,,,,,,,,,,,,,826594791,,,,,160.26824000000488,160.6169063000125,160.6169063000125,160.6169063000125,160.6169063000125,160.6169063000125,160.6169063000125,160.6169063000125,160.63628159998916,homogeneous,color,None,None,circle,blue,None,left,1,0,left,1,0.36908769997535273,,,,,,,,,,,,,,,,,,,,,826594791,Marcos,2025-09-20_20h04.34.469,css-task,2022.2.1,59.378156320177844,
,,,,62,0,62,0,,,,,,,,,,,,,,,,,,,,,,,,826594791,,,,,161.00082850002218,161.36698449996766,161.36698449996766,161.36698449996766,161.36698449996766,161.36698449996766,161.36698449996766,161.36698449996766,161.36698449996766,homogeneous,color,None,None,circle,green,None,right,1,0,right,1,0.3700200999737717,,,,,,,,,,,,,,,,,,,,,826594791,Marcos,2025-09-20_20h04.34.469,css-task,2022.2.1,59.378156320177844,
,,,,63,0,63,0,,,,,,,,,,,,,,,,,,,,,,,,826594791,,,,,161.75150020001456,162.10201819997746,162.10201819997746,162.10201819997746,162.10201819997746,162.10201819997746,162.10201819997746,162.10201819997746,162.10201819997746,homogeneous,color,None,None,circle,blue,None,left,1,0,left,1,0.3662342999596149,,,,,,,,,,,,,,,,,,,,,826594791,Marcos,2025-09-20_20h04.34.469,css-task,2022.2.1,59.378156320177844,
,,,,64,0,64,0,,,,,,,,,,,,,,,,,,,,,,,,826594791,,,,,162.48631579999346,162.85025389998918,162.85025389998918,162.85025389998918,162.85025389998918,162.85025389998918,162.85025389998918,162.85025389998918,162.85025389998918,homogeneous,color,None,None,triangle,blue,None,left,0,1,left,1,0.3199677000520751,,,,,,,,,,,,,,,,,,,,,826594791,Marcos,2025-09-20_20h04.34.469,css-task,2022.2.1,59.378156320177844,
,,,,65,0,65,0,,,,,,,,,,,,,,,,,,,,,,,,826594791,,,,,163.18581070000073,163.54999689996475,163.54999689996475,163.54999689996475,163.54999689996475,163.54999689996475,163.54999689996475,163.54999689996475,163.54999689996475,homogeneous,color,None,None,triangle,blue,None,left,0,1,left,1,0.3034670999622904,,,,,,,,,,,,,,,,,,,,,826594791,Marcos,2025-09-20_20h04.34.469,css-task,2022.2.1,59.378156320177844,
,,,,66,0,66,0,,,,,,,,,,,,,,,,,,,,,,,,826594791,,,,,163.88393860001815,164.21901529998286,164.21901529998286,164.21901529998286,164.21901529998286,164.21901529998286,164.21901529998286,164.21901529998286,164.23566080001183,homogeneous,color,None,None,triangle,green,None,right,0,1,right,1,0.3831796000013128,,,,,,,,,,,,,,,,,,,,,826594791,Marcos,2025-09-20_20h04.34.469,css-task,2022.2.1,59.378156320177844,
,,,,67,0,67,0,,,,,,,,,,,,,,,,,,,,,,,,826594791,,,,,164.6181268999935,164.9841594999889,164.9841594999889,164.9841594999889,164.9841594999889,164.9841594999889,164.9841594999889,164.9841594999889,164.9841594999889,homogeneous,color,None,None,circle,blue,None,left,1,0,left,1,0.33613020001212135,,,,,,,,,,,,,,,,,,,,,826594791,Marcos,2025-09-20_20h04.34.469,css-task,2022.2.1,59.378156320177844,
,,,,68,0,68,0,,,,,,,,,,,,,,,,,,,,,,,,826594791,,,,,165.33537819999037,165.7002781999763,165.7002781999763,165.7002781999763,165.7002781999763,165.7002781999763,165.7002781999763,165.7002781999763,165.7002781999763,homogeneous,color,None,None,circle,green,None,right,1,0,right,1,0.41945600003236905,,,,,,,,,,,,,,,,,,,,,826594791,Marcos,2025-09-20_20h04.34.469,css-task,2022.2.1,59.378156320177844,
,,,,69,0,69,0,,,,,,,,,,,,,,,,,,,,,,,,826594791,,,,,166.13583799998742,166.48534539999673,166.48534539999673,166.48534539999673,166.48534539999673,166.48534539999673,166.48534539999673,166.48534539999673,166.48534539999673,homogeneous,color,None,None,triangle,blue,None,left,0,1,left,1,0.34886259998893365,,,,,,,,,,,,,,,,,,,,,826594791,Marcos,2025-09-20_20h04.34.469,css-task,2022.2.1,59.378156320177844,
,,,,70,0,70,0,,,,,,,,,,,,,,,,,,,,,,,,826594791,,,,,166.85180629999377,167.19974219996948,167.19974219996948,167.19974219996948,167.19974219996948,167.19974219996948,167.19974219996948,167.19974219996948,167.21906749997288,homogeneous,color,None,None,triangle,blue,None,left,0,1,left,1,0.35501890000887215,,,,,,,,,,,,,,,,,,,,,826594791,Marcos,2025-09-20_20h04.34.469,css-task,2022.2.1,59.378156320177844,
,,,,71,0,71,0,,,,,,,,,,,,,,,,,,,,,,,,826594791,,,,,167.58267440000782,167.93332479998935,167.93332479998935,167.93332479998935,167.93332479998935,167.93332479998935,167.93332479998935,167.93332479998935,167.95175110001583,homogeneous,color,None,None,circle,blue,None,left,1,0,left,1,0.33597169996937737,,,,,,,,,,,,,,,,,,,,,826594791,Marcos,2025-09-20_20h04.34.469,css-task,2022.2.1,59.378156320177844,
,,,,72,0,72,0,,,,,,,,,,,,,,,,,,,,,,,,826594791,,,,,168.28529159998288,168.63511640002253,168.63511640002253,168.63511640002253,168.63511640002253,168.63511640002253,168.63511640002253,168.63511640002253,168.63511640002253,homogeneous,color,None,None,triangle,blue,None,left,0,1,left,1,0.2680625999928452,,,,,,,,,,,,,,,,,,,,,826594791,Marcos,2025-09-20_20h04.34.469,css-task,2022.2.1,59.378156320177844,
,,,,73,0,73,0,,,,,,,,,,,,,,,,,,,,,,,,826594791,,,,,168.91819130000658,169.26867129997117,169.26867129997117,169.26867129997117,169.26867129997117,169.26867129997117,169.26867129997117,169.26867129997117,169.26867129997117,homogeneous,color,None,None,triangle,blue,None,left,0,1,left,1,0.28362970001762733,,,,,,,,,,,,,,,,,,,,,826594791,Marcos,2025-09-20_20h04.34.469,css-task,2022.2.1,59.378156320177844,
,,,,74,0,74,0,,,,,,,,,,,,,,,,,,,,,,,,826594791,,,,,169.568741999974,169.91889929998433,169.91889929998433,169.91889929998433,169.91889929998433,169.91889929998433,169.91889929998433,169.91889929998433,169.91889929998433,homogeneous,color,None,None,triangle,green,None,right,0,1,left,0,0.26691539998864755,,,,,,,,,,,,,,,,,,,,,826594791,Marcos,2025-09-20_20h04.34.469,css-task,2022.2.1,59.378156320177844,
,,,,75,0,75,0,,,,,,,,,,,,,,,,,,,,,,,,826594791,,,,,170.20128669997212,170.5660572000197,170.5660572000197,170.5660572000197,170.5660572000197,170.5660572000197,170.5660572000197,170.5660572000197,170.5660572000197,homogeneous,color,None,None,triangle,blue,None,left,0,1,left,1,0.4005064999801107,,,,,,,,,,,,,,,,,,,,,826594791,Marcos,2025-09-20_20h04.34.469,css-task,2022.2.1,59.378156320177844,
,,,,76,0,76,0,,,,,,,,,,,,,,,,,,,,,,,,826594791,,,,,170.98413160000928,171.33346270001493,171.33346270001493,171.33346270001493,171.33346270001493,171.33346270001493,171.33346270001493,171.33346270001493,171.35168730001897,homogeneous,color,None,None,circle,green,None,right,1,0,right,1,0.35195639997255057,,,,,,,,,,,,,,,,,,,,,826594791,Marcos,2025-09-20_20h04.34.469,css-task,2022.2.1,59.378156320177844,
,,,,77,0,77,0,,,,,,,,,,,,,,,,,,,,,,,,826594791,,,,,171.70207110000774,172.0505788999726,172.0505788999726,172.0505788999726,172.0505788999726,172.0505788999726,172.0505788999726,172.0505788999726,172.08346669998718,homogeneous,color,None,None,triangle,green,None,right,0,1,right,1,0.3199220999958925,,,,,,,,,,,,,,,,,,,,,826594791,Marcos,2025-09-20_20h04.34.469,css-task,2022.2.1,59.378156320177844,
,,,,78,0,78,0,,,,,,,,,,,,,,,,,,,,,,,,826594791,,,,,172.40033849998144,172.73504840000533,172.73504840000533,172.73504840000533,172.73504840000533,172.73504840000533,172.73504840000533,172.73504840000533,172.75142849999247,homogeneous,color,None,None,circle,blue,None,left,1,0,left,1,0.3691170000238344,,,,,,,,,,,,,,,,,,,,,826594791,Marcos,2025-09-20_20h04.34.469,css-task,2022.2.1,59.378156320177844,
,,,,79,0,79,0,,,,,,,,,,,,,,,,,,,,,,,,826594791,,,,,173.13267520000227,173.48287730000447,173.48287730000447,173.48287730000447,173.48287730000447,173.48287730000447,173.48287730000447,173.48287730000447,173.50175009999657,homogeneous,color,None,None,circle,green,None,right,1,0,right,1,0.40287650004029274,,,,,,,,,,,,,,,,,,,,,826594791,Marcos,2025-09-20_20h04.34.469,css-task,2022.2.1,59.378156320177844,
,,,,80,0,80,0,,,,,,,,,,,,,,,,,,,,,,,,826594791,,,,,173.90252250002231,174.2501290999935,174.2501290999935,174.2501290999935,174.2501290999935,174.2501290999935,174.2501290999935,174.2501290999935,174.26800719997846,homogeneous,color,None,None,triangle,blue,None,left,0,1,left,1,0.3340917000314221,,,,,,,,,,,,,,,,,,,,,826594791,Marcos,2025-09-20_20h04.34.469,css-task,2022.2.1,59.378156320177844,
,,,,81,0,81,0,,,,,,,,,,,,,,,,,,,,,,,,826594791,,,,,174.5998851999757,174.9501428999938,174.9501428999938,174.9501428999938,174.9501428999938,174.9501428999938,174.9501428999938,174.9501428999938,174.9501428999938,homogeneous,color,None,None,triangle,blue,None,left,0,1,left,1,0.3510815000045113,,,,,,,,,,,,,,,,,,,,,826594791,Marcos,2025-09-20_20h04.34.469,css-task,2022.2.1,59.378156320177844,
,,,,82,0,82,0,,,,,,,,,,,,,,,,,,,,,,,,826594791,,,,,175.3168783999863,175.66649909998523,175.66649909998523,175.66649909998523,175.66649909998523,175.66649909998523,175.66649909998523,175.66649909998523,175.66649909998523,homogeneous,color,None,None,circle,green,None,right,1,0,right,1,0.36778299999423325,,,,,,,,,,,,,,,,,,,,,826594791,Marcos,2025-09-20_20h04.34.469,css-task,2022.2.1,59.378156320177844,
,,,,83,0,83,0,,,,,,,,,,,,,,,,,,,,,,,,826594791,,,,,176.05033850000473,176.4010503999889,176.4010503999889,176.4010503999889,176.4010503999889,176.4010503999889,176.4010503999889,176.4010503999889,176.4010503999889,homogeneous,color,None,None,circle,blue,None,left,1,0,left,1,0.43358259997330606,,,,,,,,,,,,,,,,,,,,,826594791,Marcos,2025-09-20_20h04.34.469,css-task,2022.2.1,59.378156320177844,
,,,,84,0,84,0,,,,,,,,,,,,,,,,,,,,,,,,826594791,,,,,176.85136359999888,177.21602809999604,177.21602809999604,177.21602809999604,177.21602809999604,177.21602809999604,177.21602809999604,177.21602809999604,177.24916529998882,homogeneous,color,None,None,circle,blue,None,left,1,0,left,1,0.3856664000195451,,,,,,,,,,,,,,,,,,,,,826594791,Marcos,2025-09-20_20h04.34.469,css-task,2022.2.1,59.378156320177844,
,,,,85,0,85,0,,,,,,,,,,,,,,,,,,,,,,,,826594791,,,,,177.61803680000594,177.98229369998444,177.98229369998444,177.98229369998444,177.98229369998444,177.98229369998444,177.98229369998444,177.98229369998444,177.98229369998444,homogeneous,color,None,None,triangle,green,None,right,0,1,right,1,0.42002539994427934,,,,,,,,,,,,,,,,,,,,,826594791,Marcos,2025-09-20_20h04.34.469,css-task,2022.2.1,59.378156320177844,
,,,,86,0,86,0,,,,,,,,,,,,,,,,,,,,,,,,826594791,,,,,178.4181345999823,178.7682585999719,178.7682585999719,178.7682585999719,178.7682585999719,178.7682585999719,178.7682585999719,178.7682585999719,178.7847396999714,homogeneous,color,None,None,circle,blue,None,left,1,0,left,1,0.43171349994372576,,,,,,,,,,,,,,,,,,,,,826594791,Marcos,2025-09-20_20h04.34.469,css-task,2022.2.1,59.378156320177844,
,,,,87,0,87,0,,,,,,,,,,,,,,,,,,,,,,,,826594791,,,,,179.21718460001284,179.56761169998208,179.56761169998208,179.56761169998208,179.56761169998208,179.56761169998208,179.56761169998208,179.56761169998208,179.56761169998208,homogeneous,color,None,None,triangle,blue,None,left,0,1,left,1,0.3988117999979295,,,,,,,,,,,,,,,,,,,,,826594791,Marcos,2025-09-20_20h04.34.469,css-task,2022.2.1,59.378156320177844,
,,,,88,0,88,0,,,,,,,,,,,,,,,,,,,,,,,,826594791,,,,,179.9834374000202,180.33356719999574,180.33356719999574,180.33356719999574,180.33356719999574,180.33356719999574,180.33356719999574,180.33356719999574,180.33356719999574,homogeneous,color,None,None,circle,green,None,right,1,0,right,1,0.40227299998514354,,,,,,,,,,,,,,,,,,,,,826594791,Marcos,2025-09-20_20h04.34.469,css-task,2022.2.1,59.378156320177844,
,,,,89,0,89,0,,,,,,,,,,,,,,,,,,,,,,,,826594791,,,,,180.7500871999655,181.1020866999752,181.1020866999752,181.1020866999752,181.1020866999752,181.1020866999752,181.1020866999752,181.1020866999752,181.1020866999752,homogeneous,color,None,None,triangle,blue,None,left,0,1,left,1,0.3659666000166908,,,,,,,,,,,,,,,,,,,,,826594791,Marcos,2025-09-20_20h04.34.469,css-task,2022.2.1,59.378156320177844,
,,,,90,0,90,0,,,,,,,,,,,,,,,,,,,,,,,,826594791,,,,,181.48430419998476,181.84920659998897,181.84920659998897,181.84920659998897,181.84920659998897,181.84920659998897,181.84920659998897,181.84920659998897,181.84920659998897,homogeneous,color,None,None,circle,green,None,right,1,0,right,1,0.318670500011649,,,,,,,,,,,,,,,,,,,,,826594791,Marcos,2025-09-20_20h04.34.469,css-task,2022.2.1,59.378156320177844,
,,,,91,0,91,0,,,,,,,,,,,,,,,,,,,,,,,,826594791,,,,,182.1834454999771,182.5347436000011,182.5347436000011,182.5347436000011,182.5347436000011,182.5347436000011,182.5347436000011,182.5347436000011,182.5347436000011,homogeneous,color,None,None,circle,green,None,right,1,0,right,1,0.4027916000341065,,,,,,,,,,,,,,,,,,,,,826594791,Marcos,2025-09-20_20h04.34.469,css-task,2022.2.1,59.378156320177844,
,,,,92,0,92,0,,,,,,,,,,,,,,,,,,,,,,,,826594791,,,,,182.9510957999737,183.30172340001445,183.30172340001445,183.30172340001445,183.30172340001445,183.30172340001445,183.30172340001445,183.30172340001445,183.30172340001445,homogeneous,color,None,None,triangle,green,None,right,0,1,right,1,0.4488132999977097,,,,,,,,,,,,,,,,,,,,,826594791,Marcos,2025-09-20_20h04.34.469,css-task,2022.2.1,59.378156320177844,
,,,,93,0,93,0,,,,,,,,,,,,,,,,,,,,,,,,826594791,,,,,183.76665269996738,184.1178082000115,184.1178082000115,184.1178082000115,184.1178082000115,184.1178082000115,184.1178082000115,184.1178082000115,184.1178082000115,homogeneous,color,None,None,triangle,green,None,right,0,1,right,1,0.36588040000060573,,,,,,,,,,,,,,,,,,,,,826594791,Marcos,2025-09-20_20h04.34.469,css-task,2022.2.1,59.378156320177844,
,,,,94,0,94,0,,,,,,,,,,,,,,,,,,,,,,,,826594791,,,,,184.50068439997267,184.84959170001093,184.84959170001093,184.84959170001093,184.84959170001093,184.84959170001093,184.84959170001093,184.84959170001093,184.8820045000175,homogeneous,color,None,None,circle,blue,None,left,1,0,left,1,0.417645999987144,,,,,,,,,,,,,,,,,,,,,826594791,Marcos,2025-09-20_20h04.34.469,css-task,2022.2.1,59.378156320177844,
,,,,95,0,95,0,,,,,,,,,,,,,,,,,,,,,,,,826594791,,,,,185.2846868999768,185.64824389998103,185.64824389998103,185.64824389998103,185.64824389998103,185.64824389998103,185.64824389998103,185.64824389998103,185.66697750001913,homogeneous,color,None,None,circle,green,None,right,1,0,right,1,0.3864583999966271,,,,,,,,,,,,,,,,,,,,,826594791,Marcos,2025-09-20_20h04.34.469,css-task,2022.2.1,59.378156320177844,
,,,,96,0,96,0,,,,,,,,,,,,,,,,,,,,,,,,826594791,,,,,186.05122039996786,186.40090609999606,186.40090609999606,186.40090609999606,186.40090609999606,186.40090609999606,186.40090609999606,186.40090609999606,186.40090609999606,homogeneous,color,None,None,circle,blue,None,left,1,0,left,1,0.3497839000192471,,,,,,,,,,,,,,,,,,,,,826594791,Marcos,2025-09-20_20h04.34.469,css-task,2022.2.1,59.378156320177844,
,,,,97,0,97,0,,,,,,,,,,,,,,,,,,,,,,,,826594791,,,,,186.7673193999799,187.11793900001794,187.11793900001794,187.11793900001794,187.11793900001794,187.11793900001794,187.11793900001794,187.11793900001794,187.11793900001794,homogeneous,color,None,None,circle,green,None,right,1,0,right,1,0.38248879997991025,,,,,,,,,,,,,,,,,,,,,826594791,Marcos,2025-09-20_20h04.34.469,css-task,2022.2.1,59.378156320177844,
,,,,98,0,98,0,,,,,,,,,,,,,,,,,,,,,,,,826594791,,,,,187.5154681999702,187.8682112999959,187.8682112999959,187.8682112999959,187.8682112999959,187.8682112999959,187.8682112999959,187.8682112999959,187.8682112999959,homogeneous,color,None,None,triangle,green,None,right,0,1,right,1,0.5142556999926455,,,,,,,,,,,,,,,,,,,,,826594791,Marcos,2025-09-20_20h04.34.469,css-task,2022.2.1,59.378156320177844,
,,,,99,0,99,0,,,,,,,,,,,,,,,,,,,,,,,,826594791,,,,,188.39964610000607,188.74878779996652,188.74878779996652,188.74878779996652,188.74878779996652,188.74878779996652,188.74878779996652,188.74878779996652,188.7669805000187,homogeneous,color,None,None,circle,green,None,right,1,0,right,1,0.31950689997756854,,,,,,,,,,,,,,,,,,,,,826594791,Marcos,2025-09-20_20h04.34.469,css-task,2022.2.1,59.378156320177844,
,,,,,,,,,,,,0,0,0,0,,,,,,,,,,,,,,,,826594791,198.49756970000453,198.49756970000453,198.49756970000453,0.02517979999538511,198.98036799998954,199.31466819997877,199.31466819997877,199.31466819997877,199.31466819997877,199.31466819997877,199.31466819997877,199.31466819997877,199.34768010000698,homogeneous,shape,None,None,circle,green,None,left,1,0,left,1,1.2182248000171967,,,,,,,,,,,,,,,,,,,,,826594791,Marcos,2025-09-20_20h04.34.469,css-task,2022.2.1,59.378156320177844,
,,,,,,,,,,,,1,0,1,0,,,,,,,,,,,,,,,,826594791,,,,,200.5492240000167,200.899158300017,200.899158300017,200.899158300017,200.899158300017,200.899158300017,200.899158300017,200.899158300017,200.899158300017,homogeneous,shape,None,None,circle,green,None,left,1,0,left,1,0.39886699995258823,,,,,,,,,,,,,,,,,,,,,826594791,Marcos,2025-09-20_20h04.34.469,css-task,2022.2.1,59.378156320177844,
,,,,,,,,,,,,2,0,2,0,,,,,,,,,,,,,,,,826594791,,,,,201.31637620000402,201.64875689998735,201.64875689998735,201.64875689998735,201.64875689998735,201.64875689998735,201.64875689998735,201.64875689998735,201.66491789999418,homogeneous,shape,None,None,circle,green,None,left,1,0,left,1,0.3682177999871783,,,,,,,,,,,,,,,,,,,,,826594791,Marcos,2025-09-20_20h04.34.469,css-task,2022.2.1,59.378156320177844,
,,,,,,,,,,,,3,0,3,0,,,,,,,,,,,,,,,,826594791,,,,,202.03236489999108,202.39876359998016,202.39876359998016,202.39876359998016,202.39876359998016,202.39876359998016,202.39876359998016,202.39876359998016,202.39876359998016,homogeneous,shape,None,None,triangle,blue,None,right,0,1,right,1,0.334018699999433,,,,,,,,,,,,,,,,,,,,,826594791,Marcos,2025-09-20_20h04.34.469,css-task,2022.2.1,59.378156320177844,
,,,,,,,,,,,,4,0,4,0,,,,,,,,,,,,,,,,826594791,,,,,202.74799579998944,203.09938520001015,203.09938520001015,203.09938520001015,203.09938520001015,203.09938520001015,203.09938520001015,203.09938520001015,203.09938520001015,homogeneous,shape,None,None,circle,blue,None,left,1,0,left,1,0.5006626000395045,,,,,,,,,,,,,,,,,,,,,826594791,Marcos,2025-09-20_20h04.34.469,css-task,2022.2.1,59.378156320177844,
,,,,,,,,,,,,5,0,5,0,,,,,,,,,,,,,,,,826594791,,,,,203.61529709998285,203.9654502000194,203.9654502000194,203.9654502000194,203.9654502000194,203.9654502000194,203.9654502000194,203.9654502000194,203.9654502000194,homogeneous,shape,None,None,circle,blue,None,left,1,0,left,1,0.3839434999972582,,,,,,,,,,,,,,,,,,,,,826594791,Marcos,2025-09-20_20h04.34.469,css-task,2022.2.1,59.378156320177844,
,,,,,,,,,,,,6,0,6,0,,,,,,,,,,,,,,,,826594791,,,,,204.36570929997833,204.71503889997257,204.71503889997257,204.71503889997257,204.71503889997257,204.71503889997257,204.71503889997257,204.71503889997257,204.71503889997257,homogeneous,shape,None,None,circle,blue,None,left,1,0,left,1,0.3348928000195883,,,,,,,,,,,,,,,,,,,,,826594791,Marcos,2025-09-20_20h04.34.469,css-task,2022.2.1,59.378156320177844,
,,,,,,,,,,,,7,0,7,0,,,,,,,,,,,,,,,,826594791,,,,,205.06607629999053,205.41618840000592,205.41618840000592,205.41618840000592,205.41618840000592,205.41618840000592,205.41618840000592,205.41618840000592,205.41618840000592,homogeneous,shape,None,None,circle,green,None,left,1,0,left,1,0.3981437000329606,,,,,,,,,,,,,,,,,,,,,826594791,Marcos,2025-09-20_20h04.34.469,css-task,2022.2.1,59.378156320177844,
,,,,,,,,,,,,8,0,8,0,,,,,,,,,,,,,,,,826594791,,,,,205.83183290000306,206.18206149997422,206.18206149997422,206.18206149997422,206.18206149997422,206.18206149997422,206.18206149997422,206.18206149997422,206.18206149997422,homogeneous,shape,None,None,triangle,green,None,right,0,1,right,1,0.40075819997582585,,,,,,,,,,,,,,,,,,,,,826594791,Marcos,2025-09-20_20h04.34.469,css-task,2022.2.1,59.378156320177844,
,,,,,,,,,,,,9,0,9,0,,,,,,,,,,,,,,,,826594791,,,,,206.59879239997827,206.96502629999304,206.96502629999304,206.96502629999304,206.96502629999304,206.96502629999304,206.96502629999304,206.96502629999304,206.96502629999304,homogeneous,shape,None,None,triangle,green,None,right,0,1,right,1,0.39948649995494634,,,,,,,,,,,,,,,,,,,,,826594791,Marcos,2025-09-20_20h04.34.469,css-task,2022.2.1,59.378156320177844,
,,,,,,,,,,,,10,0,10,0,,,,,,,,,,,,,,,,826594791,,,,,207.38247529999353,207.71529359999113,207.71529359999113,207.71529359999113,207.71529359999113,207.71529359999113,207.71529359999113,207.71529359999113,207.73183309996966,homogeneous,shape,None,None,triangle,green,None,right,0,1,right,1,0.35051790002034977,,,,,,,,,,,,,,,,,,,,,826594791,Marcos,2025-09-20_20h04.34.469,css-task,2022.2.1,59.378156320177844,
,,,,,,,,,,,,11,0,11,0,,,,,,,,,,,,,,,,826594791,,,,,208.08174240001244,208.43224509997526,208.43224509997526,208.43224509997526,208.43224509997526,208.43224509997526,208.43224509997526,208.43224509997526,208.43224509997526,homogeneous,shape,None,None,circle,green,None,left,1,0,left,1,0.36729829997057095,,,,,,,,,,,,,,,,,,,,,826594791,Marcos,2025-09-20_20h04.34.469,css-task,2022.2.1,59.378156320177844,
,,,,,,,,,,,,12,0,12,0,,,,,,,,,,,,,,,,826594791,,,,,208.81484399997862,209.16483849997167,209.16483849997167,209.16483849997167,209.16483849997167,209.16483849997167,209.16483849997167,209.16483849997167,209.16483849997167,homogeneous,shape,None,None,triangle,blue,None,right,0,1,right,1,0.38462849997449666,,,,,,,,,,,,,,,,,,,,,826594791,Marcos,2025-09-20_20h04.34.469,css-task,2022.2.1,59.378156320177844,
,,,,,,,,,,,,13,0,13,0,,,,,,,,,,,,,,,,826594791,,,,,209.56439219997264,209.9150053000194,209.9150053000194,209.9150053000194,209.9150053000194,209.9150053000194,209.9150053000194,209.9150053000194,209.9150053000194,homogeneous,shape,None,None,triangle,blue,None,right,0,1,right,1,0.38431469997158274,,,,,,,,,,,,,,,,,,,,,826594791,Marcos,2025-09-20_20h04.34.469,css-task,2022.2.1,59.378156320177844,
,,,,,,,,,,,,14,0,14,0,,,,,,,,,,,,,,,,826594791,,,,,210.31470919999992,210.66501260001678,210.66501260001678,210.66501260001678,210.66501260001678,210.66501260001678,210.66501260001678,210.66501260001678,210.66501260001678,homogeneous,shape,None,None,triangle,green,None,right,0,1,right,1,0.3674782000016421,,,,,,,,,,,,,,,,,,,,,826594791,Marcos,2025-09-20_20h04.34.469,css-task,2022.2.1,59.378156320177844,
,,,,,,,,,,,,15,0,15,0,,,,,,,,,,,,,,,,826594791,,,,,211.0491699000122,211.4141881999676,211.4141881999676,211.4141881999676,211.4141881999676,211.4141881999676,211.4141881999676,211.4141881999676,211.4141881999676,homogeneous,shape,None,None,circle,blue,None,left,1,0,left,1,0.4353969999938272,,,,,,,,,,,,,,,,,,,,,826594791,Marcos,2025-09-20_20h04.34.469,css-task,2022.2.1,59.378156320177844,
,,,,,,,,,,,,16,0,16,0,,,,,,,,,,,,,,,,826594791,,,,,211.86477829999058,212.23090690001845,212.23090690001845,212.23090690001845,212.23090690001845,212.23090690001845,212.23090690001845,212.23090690001845,212.23090690001845,homogeneous,shape,None,None,circle,blue,None,left,1,0,left,1,0.3023206000216305,,,,,,,,,,,,,,,,,,,,,826594791,Marcos,2025-09-20_20h04.34.469,css-task,2022.2.1,59.378156320177844,
,,,,,,,,,,,,17,0,17,0,,,,,,,,,,,,,,,,826594791,,,,,212.54864449996967,212.91381170001114,212.91381170001114,212.91381170001114,212.91381170001114,212.91381170001114,212.91381170001114,212.91381170001114,212.91381170001114,homogeneous,shape,None,None,circle,blue,None,left,1,0,left,1,0.33510230004321784,,,,,,,,,,,,,,,,,,,,,826594791,Marcos,2025-09-20_20h04.34.469,css-task,2022.2.1,59.378156320177844,
,,,,,,,,,,,,18,0,18,0,,,,,,,,,,,,,,,,826594791,,,,,213.26468239998212,213.63033299997915,213.63033299997915,213.63033299997915,213.63033299997915,213.63033299997915,213.63033299997915,213.63033299997915,213.63033299997915,homogeneous,shape,None,None,circle,blue,None,left,1,0,left,1,0.36975979997077957,,,,,,,,,,,,,,,,,,,,,826594791,Marcos,2025-09-20_20h04.34.469,css-task,2022.2.1,59.378156320177844,
,,,,,,,,,,,,19,0,19,0,,,,,,,,,,,,,,,,826594791,,,,,214.01607860001968,214.36541069997475,214.36541069997475,214.36541069997475,214.36541069997475,214.36541069997475,214.36541069997475,214.36541069997475,214.36541069997475,homogeneous,shape,None,None,circle,blue,None,left,1,0,left,1,0.31834999995771796,,,,,,,,,,,,,,,,,,,,,826594791,Marcos,2025-09-20_20h04.34.469,css-task,2022.2.1,59.378156320177844,
,,,,,,,,,,,,20,0,20,0,,,,,,,,,,,,,,,,826594791,,,,,214.69847559998743,215.04867099999683,215.04867099999683,215.04867099999683,215.04867099999683,215.04867099999683,215.04867099999683,215.04867099999683,215.04867099999683,homogeneous,shape,None,None,circle,green,None,left,1,0,left,1,0.35143079998670146,,,,,,,,,,,,,,,,,,,,,826594791,Marcos,2025-09-20_20h04.34.469,css-task,2022.2.1,59.378156320177844,
,,,,,,,,,,,,21,0,21,0,,,,,,,,,,,,,,,,826594791,,,,,215.41520729998592,215.78115719999187,215.78115719999187,215.78115719999187,215.78115719999187,215.78115719999187,215.78115719999187,215.78115719999187,215.78115719999187,homogeneous,shape,None,None,circle,blue,None,left,1,0,left,1,0.300912500009872,,,,,,,,,,,,,,,,,,,,,826594791,Marcos,2025-09-20_20h04.34.469,css-task,2022.2.1,59.378156320177844,
,,,,,,,,,,,,22,0,22,0,,,,,,,,,,,,,,,,826594791,,,,,216.09971789998235,216.44878310000058,216.44878310000058,216.44878310000058,216.44878310000058,216.44878310000058,216.44878310000058,216.44878310000058,216.44878310000058,homogeneous,shape,None,None,circle,blue,None,left,1,0,left,1,0.2841813000268303,,,,,,,,,,,,,,,,,,,,,826594791,Marcos,2025-09-20_20h04.34.469,css-task,2022.2.1,59.378156320177844,
,,,,,,,,,,,,23,0,23,0,,,,,,,,,,,,,,,,826594791,,,,,216.74842179997358,217.11337420000928,217.11337420000928,217.11337420000928,217.11337420000928,217.11337420000928,217.11337420000928,217.11337420000928,217.11337420000928,homogeneous,shape,None,None,triangle,green,None,right,0,1,right,1,0.35312369995517656,,,,,,,,,,,,,,,,,,,,,826594791,Marcos,2025-09-20_20h04.34.469,css-task,2022.2.1,59.378156320177844,
,,,,,,,,,,,,24,0,24,0,,,,,,,,,,,,,,,,826594791,,,,,217.4813473999966,217.83183609996922,217.83183609996922,217.83183609996922,217.83183609996922,217.83183609996922,217.83183609996922,217.83183609996922,217.83183609996922,homogeneous,shape,None,None,circle,blue,None,left,1,0,left,1,0.38398689997848123,,,,,,,,,,,,,,,,,,,,,826594791,Marcos,2025-09-20_20h04.34.469,css-task,2022.2.1,59.378156320177844,
,,,,,,,,,,,,25,0,25,0,,,,,,,,,,,,,,,,826594791,,,,,218.23153489996912,218.58143089996884,218.58143089996884,218.58143089996884,218.58143089996884,218.58143089996884,218.58143089996884,218.58143089996884,218.58143089996884,homogeneous,shape,None,None,triangle,blue,None,right,0,1,right,1,0.41776240000035614,,,,,,,,,,,,,,,,,,,,,826594791,Marcos,2025-09-20_20h04.34.469,css-task,2022.2.1,59.378156320177844,
,,,,,,,,,,,,26,0,26,0,,,,,,,,,,,,,,,,826594791,,,,,219.01515300001483,219.36448400001973,219.36448400001973,219.36448400001973,219.36448400001973,219.36448400001973,219.36448400001973,219.36448400001973,219.36448400001973,homogeneous,shape,None,None,triangle,green,None,right,0,1,right,1,0.3159342000144534,,,,,,,,,,,,,,,,,,,,,826594791,Marcos,2025-09-20_20h04.34.469,css-task,2022.2.1,59.378156320177844,
,,,,,,,,,,,,27,0,27,0,,,,,,,,,,,,,,,,826594791,,,,,219.69747509999434,220.04704009997658,220.04704009997658,220.04704009997658,220.04704009997658,220.04704009997658,220.04704009997658,220.04704009997658,220.06597940000938,homogeneous,shape,None,None,triangle,blue,None,right,0,1,right,1,0.31757929996820167,,,,,,,,,,,,,,,,,,,,,826594791,Marcos,2025-09-20_20h04.34.469,css-task,2022.2.1,59.378156320177844,
,,,,,,,,,,,,28,0,28,0,,,,,,,,,,,,,,,,826594791,,,,,220.3817454999662,220.73249660001602,220.73249660001602,220.73249660001602,220.73249660001602,220.73249660001602,220.73249660001602,220.73249660001602,220.73249660001602,homogeneous,shape,None,None,triangle,green,None,right,0,1,right,1,0.36505929997656494,,,,,,,,,,,,,,,,,,,,,826594791,Marcos,2025-09-20_20h04.34.469,css-task,2022.2.1,59.378156320177844,
,,,,,,,,,,,,29,0,29,0,,,,,,,,,,,,,,,,826594791,,,,,221.11538099998143,221.4633355999831,221.4633355999831,221.4633355999831,221.4633355999831,221.4633355999831,221.4633355999831,221.4633355999831,221.4817712000222,homogeneous,shape,None,None,circle,green,None,left,1,0,left,1,0.3846653000218794,,,,,,,,,,,,,,,,,,,,,826594791,Marcos,2025-09-20_20h04.34.469,css-task,2022.2.1,59.378156320177844,
,,,,,,,,,,,,30,0,30,0,,,,,,,,,,,,,,,,826594791,,,,,221.8646885000053,222.2302266000188,222.2302266000188,222.2302266000188,222.2302266000188,222.2302266000188,222.2302266000188,222.2302266000188,222.2302266000188,homogeneous,shape,None,None,circle,green,None,left,1,0,left,1,0.4010691999574192,,,,,,,,,,,,,,,,,,,,,826594791,Marcos,2025-09-20_20h04.34.469,css-task,2022.2.1,59.378156320177844,
,,,,,,,,,,,,31,0,31,0,,,,,,,,,,,,,,,,826594791,,,,,222.6495710000163,222.9967755000107,222.9967755000107,222.9967755000107,222.9967755000107,222.9967755000107,222.9967755000107,222.9967755000107,223.01500529999612,homogeneous,shape,None,None,circle,blue,None,left,1,0,left,1,0.43568180000875145,,,,,,,,,,,,,,,,,,,,,826594791,Marcos,2025-09-20_20h04.34.469,css-task,2022.2.1,59.378156320177844,
,,,,,,,,,,,,32,0,32,0,,,,,,,,,,,,,,,,826594791,,,,,223.44825000001583,223.81324519996997,223.81324519996997,223.81324519996997,223.81324519996997,223.81324519996997,223.81324519996997,223.81324519996997,223.81324519996997,homogeneous,shape,None,None,triangle,green,None,right,0,1,right,1,0.4670172999612987,,,,,,,,,,,,,,,,,,,,,826594791,Marcos,2025-09-20_20h04.34.469,css-task,2022.2.1,59.378156320177844,
,,,,,,,,,,,,33,0,33,0,,,,,,,,,,,,,,,,826594791,,,,,224.29899430001387,224.64728079998167,224.64728079998167,224.64728079998167,224.64728079998167,224.64728079998167,224.64728079998167,224.64728079998167,224.66616269998485,homogeneous,shape,None,None,circle,blue,None,left,1,0,left,1,0.45182940002996475,,,,,,,,,,,,,,,,,,,,,826594791,Marcos,2025-09-20_20h04.34.469,css-task,2022.2.1,59.378156320177844,
,,,,,,,,,,,,34,0,34,0,,,,,,,,,,,,,,,,826594791,,,,,225.11455529998057,225.48000679997494,225.48000679997494,225.48000679997494,225.48000679997494,225.48000679997494,225.48000679997494,225.48000679997494,225.48000679997494,homogeneous,shape,None,None,triangle,blue,None,right,0,1,right,1,0.35155149997444823,,,,,,,,,,,,,,,,,,,,,826594791,Marcos,2025-09-20_20h04.34.469,css-task,2022.2.1,59.378156320177844,
,,,,,,,,,,,,35,0,35,0,,,,,,,,,,,,,,,,826594791,,,,,225.8478480000049,226.1980929999845,226.1980929999845,226.1980929999845,226.1980929999845,226.1980929999845,226.1980929999845,226.1980929999845,226.1980929999845,homogeneous,shape,None,None,triangle,green,None,right,0,1,right,1,0.3829931999789551,,,,,,,,,,,,,,,,,,,,,826594791,Marcos,2025-09-20_20h04.34.469,css-task,2022.2.1,59.378156320177844,
,,,,,,,,,,,,36,0,36,0,,,,,,,,,,,,,,,,826594791,,,,,226.59785279998323,226.94822229997953,226.94822229997953,226.94822229997953,226.94822229997953,226.94822229997953,226.94822229997953,226.94822229997953,226.94822229997953,homogeneous,shape,None,None,triangle,blue,None,right,0,1,right,1,0.3999560000374913,,,,,,,,,,,,,,,,,,,,,826594791,Marcos,2025-09-20_20h04.34.469,css-task,2022.2.1,59.378156320177844,
,,,,,,,,,,,,37,0,37,0,,,,,,,,,,,,,,,,826594791,,,,,227.36445679998724,227.7144409000175,227.7144409000175,227.7144409000175,227.7144409000175,227.7144409000175,227.7144409000175,227.7144409000175,227.7144409000175,homogeneous,shape,None,None,circle,blue,None,left,1,0,left,1,0.4687954999972135,,,,,,,,,,,,,,,,,,,,,826594791,Marcos,2025-09-20_20h04.34.469,css-task,2022.2.1,59.378156320177844,
,,,,,,,,,,,,38,0,38,0,,,,,,,,,,,,,,,,826594791,,,,,228.197943200008,228.54835820000153,228.54835820000153,228.54835820000153,228.54835820000153,228.54835820000153,228.54835820000153,228.54835820000153,228.54835820000153,homogeneous,shape,None,None,triangle,blue,None,right,0,1,right,1,0.5670228999806568,,,,,,,,,,,,,,,,,,,,,826594791,Marcos,2025-09-20_20h04.34.469,css-task,2022.2.1,59.378156320177844,
,,,,,,,,,,,,39,0,39,0,,,,,,,,,,,,,,,,826594791,,,,,229.13118309999118,229.480982100009,229.480982100009,229.480982100009,229.480982100009,229.480982100009,229.480982100009,229.480982100009,229.480982100009,homogeneous,shape,None,None,triangle,green,None,right,0,1,right,1,0.3168286000145599,,,,,,,,,,,,,,,,,,,,,826594791,Marcos,2025-09-20_20h04.34.469,css-task,2022.2.1,59.378156320177844,
,,,,,,,,,,,,40,0,40,0,,,,,,,,,,,,,,,,826594791,,,,,229.81415380002,230.16384779999498,230.16384779999498,230.16384779999498,230.16384779999498,230.16384779999498,230.16384779999498,230.16384779999498,230.16384779999498,homogeneous,shape,None,None,triangle,green,None,right,0,1,right,1,0.3678817999898456,,,,,,,,,,,,,,,,,,,,,826594791,Marcos,2025-09-20_20h04.34.469,css-task,2022.2.1,59.378156320177844,
,,,,,,,,,,,,41,0,41,0,,,,,,,,,,,,,,,,826594791,,,,,230.5485668000183,230.9129988999921,230.9129988999921,230.9129988999921,230.9129988999921,230.9129988999921,230.9129988999921,230.9129988999921,230.9129988999921,homogeneous,shape,None,None,circle,green,None,left,1,0,left,1,0.3508951000403613,,,,,,,,,,,,,,,,,,,,,826594791,Marcos,2025-09-20_20h04.34.469,css-task,2022.2.1,59.378156320177844,
,,,,,,,,,,,,42,0,42,0,,,,,,,,,,,,,,,,826594791,,,,,231.28053609997733,231.63173590000952,231.63173590000952,231.63173590000952,231.63173590000952,231.63173590000952,231.63173590000952,231.63173590000952,231.63173590000952,homogeneous,shape,None,None,triangle,blue,None,right,0,1,left,0,0.3512981000239961,,,,,,,,,,,,,,,,,,,,,826594791,Marcos,2025-09-20_20h04.34.469,css-task,2022.2.1,59.378156320177844,
,,,,,,,,,,,,43,0,43,0,,,,,,,,,,,,,,,,826594791,,,,,231.9979570999858,232.34728390001692,232.34728390001692,232.34728390001692,232.34728390001692,232.34728390001692,232.34728390001692,232.34728390001692,232.36355449998518,homogeneous,shape,None,None,triangle,green,None,right,0,1,right,1,0.500120600045193,,,,,,,,,,,,,,,,,,,,,826594791,Marcos,2025-09-20_20h04.34.469,css-task,2022.2.1,59.378156320177844,
,,,,,,,,,,,,44,0,44,0,,,,,,,,,,,,,,,,826594791,,,,,232.86594449996483,233.21436340000946,233.21436340000946,233.21436340000946,233.21436340000946,233.21436340000946,233.21436340000946,233.21436340000946,233.24600769998506,homogeneous,shape,None,None,triangle,blue,None,right,0,1,right,1,0.2869543000124395,,,,,,,,,,,,,,,,,,,,,826594791,Marcos,2025-09-20_20h04.34.469,css-task,2022.2.1,59.378156320177844,
,,,,,,,,,,,,45,0,45,0,,,,,,,,,,,,,,,,826594791,,,,,233.53006419999292,233.8802725999849,233.8802725999849,233.8802725999849,233.8802725999849,233.8802725999849,233.8802725999849,233.8802725999849,233.91354290000163,homogeneous,shape,None,None,triangle,blue,None,right,0,1,right,1,0.30272239999612793,,,,,,,,,,,,,,,,,,,,,826594791,Marcos,2025-09-20_20h04.34.469,css-task,2022.2.1,59.378156320177844,
,,,,,,,,,,,,46,0,46,0,,,,,,,,,,,,,,,,826594791,,,,,234.19904989999486,234.54747459996725,234.54747459996725,234.54747459996725,234.54747459996725,234.54747459996725,234.54747459996725,234.54747459996725,234.56360649998533,homogeneous,shape,None,None,circle,green,None,left,1,0,left,1,0.4208204000024125,,,,,,,,,,,,,,,,,,,,,826594791,Marcos,2025-09-20_20h04.34.469,css-task,2022.2.1,59.378156320177844,
,,,,,,,,,,,,47,0,47,0,,,,,,,,,,,,,,,,826594791,,,,,234.99617960001342,235.34665049996693,235.34665049996693,235.34665049996693,235.34665049996693,235.34665049996693,235.34665049996693,235.34665049996693,235.36481300002197,homogeneous,shape,None,None,circle,green,None,left,1,0,left,1,0.31918940000468865,,,,,,,,,,,,,,,,,,,,,826594791,Marcos,2025-09-20_20h04.34.469,css-task,2022.2.1,59.378156320177844,
,,,,,,,,,,,,48,0,48,0,,,,,,,,,,,,,,,,826594791,,,,,235.68127990001813,236.0312218000181,236.0312218000181,236.0312218000181,236.0312218000181,236.0312218000181,236.0312218000181,236.0312218000181,236.0312218000181,homogeneous,shape,None,None,circle,blue,None,left,1,0,left,1,0.300296499975957,,,,,,,,,,,,,,,,,,,,,826594791,Marcos,2025-09-20_20h04.34.469,css-task,2022.2.1,59.378156320177844,
,,,,,,,,,,,,49,0,49,0,,,,,,,,,,,,,,,,826594791,,,,,236.34771840000758,236.7127089999849,236.7127089999849,236.7127089999849,236.7127089999849,236.7127089999849,236.7127089999849,236.7127089999849,236.7127089999849,homogeneous,shape,None,None,circle,blue,None,left,1,0,left,1,0.3356144999852404,,,,,,,,,,,,,,,,,,,,,826594791,Marcos,2025-09-20_20h04.34.469,css-task,2022.2.1,59.378156320177844,
,,,,,,,,,,,,50,0,50,0,,,,,,,,,,,,,,,,826594791,,,,,237.06397540000034,237.4151092999964,237.4151092999964,237.4151092999964,237.4151092999964,237.4151092999964,237.4151092999964,237.4151092999964,237.4151092999964,homogeneous,shape,None,None,circle,green,None,left,1,0,left,1,0.3821571000153199,,,,,,,,,,,,,,,,,,,,,826594791,Marcos,2025-09-20_20h04.34.469,css-task,2022.2.1,59.378156320177844,
,,,,,,,,,,,,51,0,51,0,,,,,,,,,,,,,,,,826594791,,,,,237.81358409998938,238.17948459996842,238.17948459996842,238.17948459996842,238.17948459996842,238.17948459996842,238.17948459996842,238.17948459996842,238.17948459996842,homogeneous,shape,None,None,circle,blue,None,left,1,0,left,1,0.35124990000622347,,,,,,,,,,,,,,,,,,,,,826594791,Marcos,2025-09-20_20h04.34.469,css-task,2022.2.1,59.378156320177844,
,,,,,,,,,,,,52,0,52,0,,,,,,,,,,,,,,,,826594791,,,,,238.54802340001334,238.89787430001888,238.89787430001888,238.89787430001888,238.89787430001888,238.89787430001888,238.89787430001888,238.89787430001888,238.89787430001888,homogeneous,shape,None,None,circle,blue,None,left,1,0,left,1,0.315488499996718,,,,,,,,,,,,,,,,,,,,,826594791,Marcos,2025-09-20_20h04.34.469,css-task,2022.2.1,59.378156320177844,
,,,,,,,,,,,,53,0,53,0,,,,,,,,,,,,,,,,826594791,,,,,239.2306516999961,239.57946919999085,239.57946919999085,239.57946919999085,239.57946919999085,239.57946919999085,239.57946919999085,239.57946919999085,239.59791070001666,homogeneous,shape,None,None,triangle,green,None,right,0,1,right,1,0.45024149998789653,,,,,,,,,,,,,,,,,,,,,826594791,Marcos,2025-09-20_20h04.34.469,css-task,2022.2.1,59.378156320177844,
,,,,,,,,,,,,54,0,54,0,,,,,,,,,,,,,,,,826594791,,,,,240.048137100006,240.41268150001997,240.41268150001997,240.41268150001997,240.41268150001997,240.41268150001997,240.41268150001997,240.41268150001997,240.41268150001997,homogeneous,shape,None,None,triangle,blue,None,right,0,1,right,1,0.30273749999469146,,,,,,,,,,,,,,,,,,,,,826594791,Marcos,2025-09-20_20h04.34.469,css-task,2022.2.1,59.378156320177844,
,,,,,,,,,,,,55,0,55,0,,,,,,,,,,,,,,,,826594791,,,,,240.73138110002037,241.08059640001738,241.08059640001738,241.08059640001738,241.08059640001738,241.08059640001738,241.08059640001738,241.08059640001738,241.09715659997892,homogeneous,shape,None,None,circle,blue,None,left,1,0,left,1,0.3843167000450194,,,,,,,,,,,,,,,,,,,,,826594791,Marcos,2025-09-20_20h04.34.469,css-task,2022.2.1,59.378156320177844,
,,,,,,,,,,,,56,0,56,0,,,,,,,,,,,,,,,,826594791,,,,,241.48009690002073,241.84582099999534,241.84582099999534,241.84582099999534,241.84582099999534,241.84582099999534,241.84582099999534,241.84582099999534,241.84582099999534,homogeneous,shape,None,None,triangle,green,None,right,0,1,right,1,0.5017227999633178,,,,,,,,,,,,,,,,,,,,,826594791,Marcos,2025-09-20_20h04.34.469,css-task,2022.2.1,59.378156320177844,
,,,,,,,,,,,,57,0,57,0,,,,,,,,,,,,,,,,826594791,,,,,242.36319800000638,242.71371989999898,242.71371989999898,242.71371989999898,242.71371989999898,242.71371989999898,242.71371989999898,242.71371989999898,242.71371989999898,homogeneous,shape,None,None,triangle,blue,None,right,0,1,right,1,0.33432249998440966,,,,,,,,,,,,,,,,,,,,,826594791,Marcos,2025-09-20_20h04.34.469,css-task,2022.2.1,59.378156320177844,
,,,,,,,,,,,,58,0,58,0,,,,,,,,,,,,,,,,826594791,,,,,243.06362249999074,243.429268900014,243.429268900014,243.429268900014,243.429268900014,243.429268900014,243.429268900014,243.429268900014,243.429268900014,homogeneous,shape,None,None,circle,blue,None,left,1,0,left,1,0.4183921999647282,,,,,,,,,,,,,,,,,,,,,826594791,Marcos,2025-09-20_20h04.34.469,css-task,2022.2.1,59.378156320177844,
,,,,,,,,,,,,59,0,59,0,,,,,,,,,,,,,,,,826594791,,,,,243.864296499989,244.21473040001,244.21473040001,244.21473040001,244.21473040001,244.21473040001,244.21473040001,244.21473040001,244.21473040001,homogeneous,shape,None,None,circle,blue,None,left,1,0,left,1,0.43308669998077676,,,,,,,,,,,,,,,,,,,,,826594791,Marcos,2025-09-20_20h04.34.469,css-task,2022.2.1,59.378156320177844,
,,,,,,,,,,,,60,0,60,0,,,,,,,,,,,,,,,,826594791,,,,,244.66382959997281,245.01324299996486,245.01324299996486,245.01324299996486,245.01324299996486,245.01324299996486,245.01324299996486,245.01324299996486,245.01324299996486,homogeneous,shape,None,None,circle,green,None,left,1,0,left,1,0.45169789995998144,,,,,,,,,,,,,,,,,,,,,826594791,Marcos,2025-09-20_20h04.34.469,css-task,2022.2.1,59.378156320177844,
,,,,,,,,,,,,61,0,61,0,,,,,,,,,,,,,,,,826594791,,,,,245.48163719999138,245.8452804000117,245.8452804000117,245.8452804000117,245.8452804000117,245.8452804000117,245.8452804000117,245.8452804000117,245.86361250001937,homogeneous,shape,None,None,triangle,green,None,right,0,1,right,1,0.38772310002241284,,,,,,,,,,,,,,,,,,,,,826594791,Marcos,2025-09-20_20h04.34.469,css-task,2022.2.1,59.378156320177844,
,,,,,,,,,,,,62,0,62,0,,,,,,,,,,,,,,,,826594791,,,,,246.24646669998765,246.61227280000458,246.61227280000458,246.61227280000458,246.61227280000458,246.61227280000458,246.61227280000458,246.61227280000458,246.61227280000458,homogeneous,shape,None,None,triangle,blue,None,right,0,1,right,1,0.31968529999721795,,,,,,,,,,,,,,,,,,,,,826594791,Marcos,2025-09-20_20h04.34.469,css-task,2022.2.1,59.378156320177844,
,,,,,,,,,,,,63,0,63,0,,,,,,,,,,,,,,,,826594791,,,,,246.94718219997594,247.29749939998146,247.29749939998146,247.29749939998146,247.29749939998146,247.29749939998146,247.29749939998146,247.29749939998146,247.29749939998146,homogeneous,shape,None,None,circle,blue,None,left,1,0,left,1,0.3678207999910228,,,,,,,,,,,,,,,,,,,,,826594791,Marcos,2025-09-20_20h04.34.469,css-task,2022.2.1,59.378156320177844,
,,,,,,,,,,,,64,0,64,0,,,,,,,,,,,,,,,,826594791,,,,,247.6805733999936,248.03059999999823,248.03059999999823,248.03059999999823,248.03059999999823,248.03059999999823,248.03059999999823,248.03059999999823,248.03059999999823,homogeneous,shape,None,None,circle,green,None,left,1,0,left,1,0.46596910001244396,,,,,,,,,,,,,,,,,,,,,826594791,Marcos,2025-09-20_20h04.34.469,css-task,2022.2.1,59.378156320177844,
,,,,,,,,,,,,65,0,65,0,,,,,,,,,,,,,,,,826594791,,,,,248.51360259996727,248.87886619998608,248.87886619998608,248.87886619998608,248.87886619998608,248.87886619998608,248.87886619998608,248.87886619998608,248.87886619998608,homogeneous,shape,None,None,circle,green,None,left,1,0,left,1,0.3697754999739118,,,,,,,,,,,,,,,,,,,,,826594791,Marcos,2025-09-20_20h04.34.469,css-task,2022.2.1,59.378156320177844,
,,,,,,,,,,,,66,0,66,0,,,,,,,,,,,,,,,,826594791,,,,,249.26363830000628,249.6289453000063,249.6289453000063,249.6289453000063,249.6289453000063,249.6289453000063,249.6289453000063,249.6289453000063,249.6289453000063,homogeneous,shape,None,None,circle,green,None,left,1,0,left,1,0.4189127000281587,,,,,,,,,,,,,,,,,,,,,826594791,Marcos,2025-09-20_20h04.34.469,css-task,2022.2.1,59.378156320177844,
,,,,,,,,,,,,67,0,67,0,,,,,,,,,,,,,,,,826594791,,,,,250.0642856999766,250.41276699997252,250.41276699997252,250.41276699997252,250.41276699997252,250.41276699997252,250.41276699997252,250.41276699997252,250.4301363999839,homogeneous,shape,None,None,triangle,blue,None,right,0,1,right,1,0.3830637000501156,,,,,,,,,,,,,,,,,,,,,826594791,Marcos,2025-09-20_20h04.34.469,css-task,2022.2.1,59.378156320177844,
,,,,,,,,,,,,68,0,68,0,,,,,,,,,,,,,,,,826594791,,,,,250.8141535000177,251.14731470000697,251.14731470000697,251.14731470000697,251.14731470000697,251.14731470000697,251.14731470000697,251.14731470000697,251.17908869998064,homogeneous,shape,None,None,circle,green,None,left,1,0,left,1,0.3667430999921635,,,,,,,,,,,,,,,,,,,,,826594791,Marcos,2025-09-20_20h04.34.469,css-task,2022.2.1,59.378156320177844,
,,,,,,,,,,,,69,0,69,0,,,,,,,,,,,,,,,,826594791,,,,,251.52941289998125,251.89566149999155,251.89566149999155,251.89566149999155,251.89566149999155,251.89566149999155,251.89566149999155,251.89566149999155,251.89566149999155,homogeneous,shape,None,None,triangle,green,None,right,0,1,right,1,0.30121319997124374,,,,,,,,,,,,,,,,,,,,,826594791,Marcos,2025-09-20_20h04.34.469,css-task,2022.2.1,59.378156320177844,
,,,,,,,,,,,,70,0,70,0,,,,,,,,,,,,,,,,826594791,,,,,252.21363489999203,252.5618969000061,252.5618969000061,252.5618969000061,252.5618969000061,252.5618969000061,252.5618969000061,252.5618969000061,252.5805110000074,homogeneous,shape,None,None,triangle,blue,None,right,0,1,right,1,0.38672379998024553,,,,,,,,,,,,,,,,,,,,,826594791,Marcos,2025-09-20_20h04.34.469,css-task,2022.2.1,59.378156320177844,
,,,,,,,,,,,,71,0,71,0,,,,,,,,,,,,,,,,826594791,,,,,252.9636839000159,253.3136841999949,253.3136841999949,253.3136841999949,253.3136841999949,253.3136841999949,253.3136841999949,253.3136841999949,253.3136841999949,homogeneous,shape,None,None,triangle,green,None,right,0,1,right,1,0.3497629000339657,,,,,,,,,,,,,,,,,,,,,826594791,Marcos,2025-09-20_20h04.34.469,css-task,2022.2.1,59.378156320177844,
,,,,,,,,,,,,72,0,72,0,,,,,,,,,,,,,,,,826594791,,,,,253.6790825999924,254.04530499997782,254.04530499997782,254.04530499997782,254.04530499997782,254.04530499997782,254.04530499997782,254.04530499997782,254.04530499997782,homogeneous,shape,None,None,circle,blue,None,left,1,0,left,1,0.4021223000017926,,,,,,,,,,,,,,,,,,,,,826594791,Marcos,2025-09-20_20h04.34.469,css-task,2022.2.1,59.378156320177844,
,,,,,,,,,,,,73,0,73,0,,,,,,,,,,,,,,,,826594791,,,,,254.46350569999777,254.81285489996662,254.81285489996662,254.81285489996662,254.81285489996662,254.81285489996662,254.81285489996662,254.81285489996662,254.81285489996662,homogeneous,shape,None,None,circle,green,None,left,1,0,left,1,0.33466689998749644,,,,,,,,,,,,,,,,,,,,,826594791,Marcos,2025-09-20_20h04.34.469,css-task,2022.2.1,59.378156320177844,
,,,,,,,,,,,,74,0,74,0,,,,,,,,,,,,,,,,826594791,,,,,255.1629341999651,255.51300659996923,255.51300659996923,255.51300659996923,255.51300659996923,255.51300659996923,255.51300659996923,255.51300659996923,255.51300659996923,homogeneous,shape,None,None,triangle,blue,None,right,0,1,right,1,0.41771549999248236,,,,,,,,,,,,,,,,,,,,,826594791,Marcos,2025-09-20_20h04.34.469,css-task,2022.2.1,59.378156320177844,
,,,,,,,,,,,,75,0,75,0,,,,,,,,,,,,,,,,826594791,,,,,255.9470531999832,256.2961118000094,256.2961118000094,256.2961118000094,256.2961118000094,256.2961118000094,256.2961118000094,256.2961118000094,256.2961118000094,homogeneous,shape,None,None,triangle,blue,None,right,0,1,right,1,0.3677806000341661,,,,,,,,,,,,,,,,,,,,,826594791,Marcos,2025-09-20_20h04.34.469,css-task,2022.2.1,59.378156320177844,
,,,,,,,,,,,,76,0,76,0,,,,,,,,,,,,,,,,826594791,,,,,256.6798340000096,257.030827199982,257.030827199982,257.030827199982,257.030827199982,257.030827199982,257.030827199982,257.030827199982,257.030827199982,homogeneous,shape,None,None,circle,blue,None,left,1,0,left,1,0.3510279000038281,,,,,,,,,,,,,,,,,,,,,826594791,Marcos,2025-09-20_20h04.34.469,css-task,2022.2.1,59.378156320177844,
,,,,,,,,,,,,77,0,77,0,,,,,,,,,,,,,,,,826594791,,,,,257.3962751000072,257.76227700000163,257.76227700000163,257.76227700000163,257.76227700000163,257.76227700000163,257.76227700000163,257.76227700000163,257.76227700000163,homogeneous,shape,None,None,circle,blue,None,left,1,0,left,1,0.3897761999978684,,,,,,,,,,,,,,,,,,,,,826594791,Marcos,2025-09-20_20h04.34.469,css-task,2022.2.1,59.378156320177844,
,,,,,,,,,,,,78,0,78,0,,,,,,,,,,,,,,,,826594791,,,,,258.1788720000186,258.5136913000024,258.5136913000024,258.5136913000024,258.5136913000024,258.5136913000024,258.5136913000024,258.5136913000024,258.53045189997647,homogeneous,shape,None,None,triangle,green,None,right,0,1,right,1,0.30259099998511374,,,,,,,,,,,,,,,,,,,,,826594791,Marcos,2025-09-20_20h04.34.469,css-task,2022.2.1,59.378156320177844,
,,,,,,,,,,,,79,0,79,0,,,,,,,,,,,,,,,,826594791,,,,,258.8460870999843,259.196847299987,259.196847299987,259.196847299987,259.196847299987,259.196847299987,259.196847299987,259.196847299987,259.2143070999882,homogeneous,shape,None,None,triangle,blue,None,right,0,1,right,1,0.3675617999979295,,,,,,,,,,,,,,,,,,,,,826594791,Marcos,2025-09-20_20h04.34.469,css-task,2022.2.1,59.378156320177844,
,,,,,,,,,,,,80,0,80,0,,,,,,,,,,,,,,,,826594791,,,,,259.58030979998875,259.92963899997994,259.92963899997994,259.92963899997994,259.92963899997994,259.92963899997994,259.92963899997994,259.92963899997994,259.92963899997994,homogeneous,shape,None,None,circle,blue,None,left,1,0,left,1,0.3687237999984063,,,,,,,,,,,,,,,,,,,,,826594791,Marcos,2025-09-20_20h04.34.469,css-task,2022.2.1,59.378156320177844,
,,,,,,,,,,,,81,0,81,0,,,,,,,,,,,,,,,,826594791,,,,,260.31371149996994,260.6630870999652,260.6630870999652,260.6630870999652,260.6630870999652,260.6630870999652,260.6630870999652,260.6630870999652,260.6630870999652,homogeneous,shape,None,None,triangle,green,None,right,0,1,right,1,0.3174049999797717,,,,,,,,,,,,,,,,,,,,,826594791,Marcos,2025-09-20_20h04.34.469,css-task,2022.2.1,59.378156320177844,
,,,,,,,,,,,,82,0,82,0,,,,,,,,,,,,,,,,826594791,,,,,260.9984302999801,261.36203849996673,261.36203849996673,261.36203849996673,261.36203849996673,261.36203849996673,261.36203849996673,261.36203849996673,261.38007610000204,homogeneous,shape,None,None,circle,blue,None,left,1,0,left,1,0.3179725999943912,,,,,,,,,,,,,,,,,,,,,826594791,Marcos,2025-09-20_20h04.34.469,css-task,2022.2.1,59.378156320177844,
,,,,,,,,,,,,83,0,83,0,,,,,,,,,,,,,,,,826594791,,,,,261.698607600003,262.04489199997624,262.04489199997624,262.04489199997624,262.04489199997624,262.04489199997624,262.04489199997624,262.04489199997624,262.06436219997704,homogeneous,shape,None,None,circle,green,None,left,1,0,left,1,0.4019339000224136,,,,,,,,,,,,,,,,,,,,,826594791,Marcos,2025-09-20_20h04.34.469,css-task,2022.2.1,59.378156320177844,
,,,,,,,,,,,,84,0,84,0,,,,,,,,,,,,,,,,826594791,,,,,262.463449199975,262.8124818999786,262.8124818999786,262.8124818999786,262.8124818999786,262.8124818999786,262.8124818999786,262.8124818999786,262.8309807999758,homogeneous,shape,None,None,circle,blue,None,left,1,0,left,1,0.4371722000068985,,,,,,,,,,,,,,,,,,,,,826594791,Marcos,2025-09-20_20h04.34.469,css-task,2022.2.1,59.378156320177844,
,,,,,,,,,,,,85,0,85,0,,,,,,,,,,,,,,,,826594791,,,,,263.2630987999728,263.6285472000018,263.6285472000018,263.6285472000018,263.6285472000018,263.6285472000018,263.6285472000018,263.6285472000018,263.6285472000018,homogeneous,shape,None,None,circle,blue,None,left,1,0,left,1,0.3502627999987453,,,,,,,,,,,,,,,,,,,,,826594791,Marcos,2025-09-20_20h04.34.469,css-task,2022.2.1,59.378156320177844,
,,,,,,,,,,,,86,0,86,0,,,,,,,,,,,,,,,,826594791,,,,,263.997183999978,264.3455421999679,264.3455421999679,264.3455421999679,264.3455421999679,264.3455421999679,264.3455421999679,264.3455421999679,264.36457709997194,homogeneous,shape,None,None,triangle,blue,None,right,0,1,right,1,0.45392589998664334,,,,,,,,,,,,,,,,,,,,,826594791,Marcos,2025-09-20_20h04.34.469,css-task,2022.2.1,59.378156320177844,
,,,,,,,,,,,,87,0,87,0,,,,,,,,,,,,,,,,826594791,,,,,264.81353109999327,265.1624185999972,265.1624185999972,265.1624185999972,265.1624185999972,265.1624185999972,265.1624185999972,265.1624185999972,265.1795600000187,homogeneous,shape,None,None,triangle,green,None,right,0,1,right,1,0.35044579999521375,,,,,,,,,,,,,,,,,,,,,826594791,Marcos,2025-09-20_20h04.34.469,css-task,2022.2.1,59.378156320177844,
,,,,,,,,,,,,88,0,88,0,,,,,,,,,,,,,,,,826594791,,,,,265.52935680001974,265.8800494999741,265.8800494999741,265.8800494999741,265.8800494999741,265.8800494999741,265.8800494999741,265.8800494999741,265.8800494999741,homogeneous,shape,None,None,circle,blue,None,left,1,0,left,1,0.41703740000957623,,,,,,,,,,,,,,,,,,,,,826594791,Marcos,2025-09-20_20h04.34.469,css-task,2022.2.1,59.378156320177844,
,,,,,,,,,,,,89,0,89,0,,,,,,,,,,,,,,,,826594791,,,,,266.31345969997346,266.6779613000108,266.6779613000108,266.6779613000108,266.6779613000108,266.6779613000108,266.6779613000108,266.6779613000108,266.6779613000108,homogeneous,shape,None,None,circle,green,None,left,1,0,left,1,0.35340140003245324,,,,,,,,,,,,,,,,,,,,,826594791,Marcos,2025-09-20_20h04.34.469,css-task,2022.2.1,59.378156320177844,
,,,,,,,,,,,,90,0,90,0,,,,,,,,,,,,,,,,826594791,,,,,267.0466848000069,267.39721249998547,267.39721249998547,267.39721249998547,267.39721249998547,267.39721249998547,267.39721249998547,267.39721249998547,267.39721249998547,homogeneous,shape,None,None,triangle,green,None,right,0,1,right,1,0.30019899999024346,,,,,,,,,,,,,,,,,,,,,826594791,Marcos,2025-09-20_20h04.34.469,css-task,2022.2.1,59.378156320177844,
,,,,,,,,,,,,91,0,91,0,,,,,,,,,,,,,,,,826594791,,,,,267.71319290000247,268.0644258999964,268.0644258999964,268.0644258999964,268.0644258999964,268.0644258999964,268.0644258999964,268.0644258999964,268.0644258999964,homogeneous,shape,None,None,circle,blue,None,left,1,0,left,1,0.3998853999655694,,,,,,,,,,,,,,,,,,,,,826594791,Marcos,2025-09-20_20h04.34.469,css-task,2022.2.1,59.378156320177844,
,,,,,,,,,,,,92,0,92,0,,,,,,,,,,,,,,,,826594791,,,,,268.479436900001,268.8452512000222,268.8452512000222,268.8452512000222,268.8452512000222,268.8452512000222,268.8452512000222,268.8452512000222,268.8452512000222,homogeneous,shape,None,None,circle,blue,None,left,1,0,left,1,0.38535309996223077,,,,,,,,,,,,,,,,,,,,,826594791,Marcos,2025-09-20_20h04.34.469,css-task,2022.2.1,59.378156320177844,
,,,,,,,,,,,,93,0,93,0,,,,,,,,,,,,,,,,826594791,,,,,269.2454662999953,269.5965251000016,269.5965251000016,269.5965251000016,269.5965251000016,269.5965251000016,269.5965251000016,269.5965251000016,269.5965251000016,homogeneous,shape,None,None,triangle,blue,None,right,0,1,right,1,0.36709289997816086,,,,,,,,,,,,,,,,,,,,,826594791,Marcos,2025-09-20_20h04.34.469,css-task,2022.2.1,59.378156320177844,
,,,,,,,,,,,,94,0,94,0,,,,,,,,,,,,,,,,826594791,,,,,269.98056070000166,270.3304116000072,270.3304116000072,270.3304116000072,270.3304116000072,270.3304116000072,270.3304116000072,270.3304116000072,270.3304116000072,homogeneous,shape,None,None,triangle,green,None,right,0,1,right,1,0.7176962999510579,,,,,,,,,,,,,,,,,,,,,826594791,Marcos,2025-09-20_20h04.34.469,css-task,2022.2.1,59.378156320177844,
,,,,,,,,,,,,95,0,95,0,,,,,,,,,,,,,,,,826594791,,,,,271.0630554999807,271.41394649998983,271.41394649998983,271.41394649998983,271.41394649998983,271.41394649998983,271.41394649998983,271.41394649998983,271.41394649998983,homogeneous,shape,None,None,triangle,green,None,right,0,1,right,1,0.3667810999904759,,,,,,,,,,,,,,,,,,,,,826594791,Marcos,2025-09-20_20h04.34.469,css-task,2022.2.1,59.378156320177844,
,,,,,,,,,,,,96,0,96,0,,,,,,,,,,,,,,,,826594791,,,,,271.79622359998757,272.14586589997634,272.14586589997634,272.14586589997634,272.14586589997634,272.14586589997634,272.14586589997634,272.14586589997634,272.14586589997634,homogeneous,shape,None,None,circle,green,None,left,1,0,left,1,0.3683337999973446,,,,,,,,,,,,,,,,,,,,,826594791,Marcos,2025-09-20_20h04.34.469,css-task,2022.2.1,59.378156320177844,
,,,,,,,,,,,,97,0,97,0,,,,,,,,,,,,,,,,826594791,,,,,272.53075699997135,272.8801793999737,272.8801793999737,272.8801793999737,272.8801793999737,272.8801793999737,272.8801793999737,272.8801793999737,272.8801793999737,homogeneous,shape,None,None,triangle,blue,None,right,0,1,right,1,0.4335401999996975,,,,,,,,,,,,,,,,,,,,,826594791,Marcos,2025-09-20_20h04.34.469,css-task,2022.2.1,59.378156320177844,
,,,,,,,,,,,,98,0,98,0,,,,,,,,,,,,,,,,826594791,,,,,273.3297237000079,273.6807572999969,273.6807572999969,273.6807572999969,273.6807572999969,273.6807572999969,273.6807572999969,273.6807572999969,273.6807572999969,homogeneous,shape,None,None,triangle,blue,None,right,0,1,right,1,0.4318961999961175,,,,,,,,,,,,,,,,,,,,,826594791,Marcos,2025-09-20_20h04.34.469,css-task,2022.2.1,59.378156320177844,
,,,,,,,,,,,,99,0,99,0,,,,,,,,,,,,,,,,826594791,,,,,274.1292844999698,274.47903240000596,274.47903240000596,274.47903240000596,274.47903240000596,274.47903240000596,274.47903240000596,274.47903240000596,274.4975315000047,homogeneous,shape,None,None,triangle,green,None,right,0,1,right,1,0.4021558000240475,,,,,,,,,,,,,,,,,,,,,826594791,Marcos,2025-09-20_20h04.34.469,css-task,2022.2.1,59.378156320177844,
,,,,,,,,,,,,,,,,,,,,0,0,0,0,0,0,0,0,,,,826594791,288.66107949998695,288.66107949998695,288.66107949998695,0.029928800009656698,,,,,,,,,,heterogeneous,color-shape,1,color,triangle,green,no-switch,right,0,1,,,,290.0603544000187,290.0603544000187,0.01665019994834438,291.06032160000177,291.363338199968,291.4130635000183,291.6272872000118,291.6272872000118,291.6272872000118,291.6272872000118,291.6272872000118,291.6272872000118,291.6272872000118,right,1,1.4524463000125252,,,,,826594791,Marcos,2025-09-20_20h04.34.469,css-task,2022.2.1,59.378156320177844,
,,,,,,,,,,,,,,,,,,,,0,0,0,0,1,0,1,0,,,,826594791,,,,,,,,,,,,,,heterogeneous,color-shape,1,shape,circle,green,switch,left,1,0,,,,,,,293.11117330001434,293.445722799981,293.46278619999066,293.71072179998737,293.71072179998737,293.71072179998737,293.71072179998737,293.71072179998737,293.71072179998737,293.71072179998737,right,0,1.751617800036911,,,,,826594791,Marcos,2025-09-20_20h04.34.469,css-task,2022.2.1,59.378156320177844,
,,,,,,,,,,,,,,,,,,,,0,0,0,0,2,0,2,0,,,,826594791,,,,,,,,,,,,,,heterogeneous,color-shape,1,color,circle,green,switch,right,1,0,,,,,,,295.49435449996963,295.82938020001166,295.84597259998554,296.09372890001396,296.09372890001396,296.09372890001396,296.09372890001396,296.09372890001396,296.09372890001396,296.09372890001396,right,1,2.867457300017122,,,,,826594791,Marcos,2025-09-20_20h04.34.469,css-task,2022.2.1,59.378156320177844,
,,,,,,,,,,,,,,,,,,,,0,0,0,0,3,0,3,0,,,,826594791,,,,,,,,,,,,,,heterogeneous,color-shape,1,shape,triangle,blue,switch,right,0,1,,,,,,,298.978168200003,299.32905240001855,299.32905240001855,299.5936442000093,299.5936442000093,299.5936442000093,299.5936442000093,299.5936442000093,299.5936442000093,299.5936442000093,right,1,2.134088699996937,,,,,826594791,Marcos,2025-09-20_20h04.34.469,css-task,2022.2.1,59.378156320177844,
,,,,,,,,,,,,,,,,,,,,0,0,0,0,4,0,4,0,,,,826594791,,,,,,,,,,,,,,heterogeneous,color-shape,1,shape,circle,blue,no-switch,left,1,0,,,,,,,301.7435652000131,302.09478839999065,302.09478839999065,302.36018849996617,302.36018849996617,302.36018849996617,302.36018849996617,302.36018849996617,302.36018849996617,302.36018849996617,left,1,1.001384200004395,,,,,826594791,Marcos,2025-09-20_20h04.34.469,css-task,2022.2.1,59.378156320177844,
,,,,,,,,,,,,,,,,,,,,0,0,0,0,5,0,5,0,,,,826594791,,,,,,,,,,,,,,heterogeneous,color-shape,1,shape,circle,green,no-switch,left,1,0,,,,,,,303.3772374999826,303.7298536999733,303.7298536999733,303.99330689996714,303.99330689996714,303.99330689996714,303.99330689996714,303.99330689996714,303.99330689996714,303.99330689996714,left,1,1.5680084000341594,,,,,826594791,Marcos,2025-09-20_20h04.34.469,css-task,2022.2.1,59.378156320177844,
,,,,,,,,,,,,,,,,,,,,0,0,0,0,6,0,6,0,,,,826594791,,,,,,,,,,,,,,heterogeneous,color-shape,1,color,triangle,blue,switch,left,0,1,,,,,,,305.5779361000168,305.92814019997604,305.92814019997604,306.1953026999836,306.1953026999836,306.1953026999836,306.1953026999836,306.1953026999836,306.1953026999836,306.1953026999836,left,1,3.06671650003409,,,,,826594791,Marcos,2025-09-20_20h04.34.469,css-task,2022.2.1,59.378156320177844,
,,,,,,,,,,,,,,,,,,,,0,0,0,0,7,0,7,0,,,,826594791,,,,,,,,,,,,,,heterogeneous,color-shape,1,shape,circle,blue,switch,left,1,0,,,,,,,309.2933577999938,309.62861919996794,309.6448734999867,309.87785150000127,309.87785150000127,309.87785150000127,309.87785150000127,309.87785150000127,309.87785150000127,309.87785150000127,left,1,4.333437199995387,,,,,826594791,Marcos,2025-09-20_20h04.34.469,css-task,2022.2.1,59.378156320177844,
,,,,,,,,,,,,,,,,,,,,0,0,0,0,8,0,8,0,,,,826594791,,,,,,,,,,,,,,heterogeneous,color-shape,1,shape,circle,blue,no-switch,left,1,0,,,,,,,314.2277846999932,314.5785673999926,314.5785673999926,314.8428063999745,314.8428063999745,314.8428063999745,314.8428063999745,314.8428063999745,314.8428063999745,314.8428063999745,left,1,0.7023466000100598,,,,,826594791,Marcos,2025-09-20_20h04.34.469,css-task,2022.2.1,59.378156320177844,
,,,,,,,,,,,,,,,,,,,,0,0,0,0,9,0,9,0,,,,826594791,,,,,,,,,,,,,,heterogeneous,color-shape,1,color,triangle,green,switch,right,0,1,,,,,,,315.5608190000057,315.9124784999876,315.9124784999876,316.1782610999653,316.1782610999653,316.1782610999653,316.1782610999653,316.1782610999653,316.1782610999653,316.1782610999653,right,1,0.8150565999676473,,,,,826594791,Marcos,2025-09-20_20h04.34.469,css-task,2022.2.1,59.378156320177844,
,,,,,,,,,,,,,,,,,,,,0,0,0,0,10,0,10,0,,,,826594791,,,,,,,,,,,,,,heterogeneous,color-shape,1,shape,triangle,green,switch,right,0,1,,,,,,,317.0265520999674,317.36020250001457,317.37719670002116,317.610216400004,317.610216400004,317.610216400004,317.610216400004,317.610216400004,317.610216400004,317.610216400004,right,1,0.7672626000130549,,,,,826594791,Marcos,2025-09-20_20h04.34.469,css-task,2022.2.1,59.378156320177844,
,,,,,,,,,,,,,,,,,,,,0,0,0,0,11,0,11,0,,,,826594791,,,,,,,,,,,,,,heterogeneous,color-shape,1,shape,triangle,green,no-switch,right,0,1,,,,,,,318.39313530002255,318.74298290000297,318.74298290000297,319.0120449999813,319.0120449999813,319.0120449999813,319.0120449999813,319.0120449999813,319.0120449999813,319.0120449999813,right,1,0.5318968000356108,,,,,826594791,Marcos,2025-09-20_20h04.34.469,css-task,2022.2.1,59.378156320177844,
,,,,,,,,,,,,,,,,,,,,0,0,0,0,12,0,12,0,,,,826594791,,,,,,,,,,,,,,heterogeneous,color-shape,1,shape,circle,blue,no-switch,left,1,0,,,,,,,319.5599986999878,319.9097430999973,319.9097430999973,320.175440299965,320.175440299965,320.175440299965,320.175440299965,320.175440299965,320.175440299965,320.175440299965,left,1,0.6348719000234269,,,,,826594791,Marcos,2025-09-20_20h04.34.469,css-task,2022.2.1,59.378156320177844,
,,,,,,,,,,,,,,,,,,,,0,0,0,0,13,0,13,0,,,,826594791,,,,,,,,,,,,,,heterogeneous,color-shape,1,color,triangle,green,switch,right,0,1,,,,,,,320.8268877000082,321.17612439999357,321.17612439999357,321.42648720002035,321.42648720002035,321.42648720002035,321.42648720002035,321.42648720002035,321.42648720002035,321.42648720002035,right,1,2.283873699954711,,,,,826594791,Marcos,2025-09-20_20h04.34.469,css-task,2022.2.1,59.378156320177844,
,,,,,,,,,,,,,,,,,,,,0,0,0,0,14,0,14,0,,,,826594791,,,,,,,,,,,,,,heterogeneous,color-shape,1,color,triangle,green,no-switch,right,0,1,,,,,,,323.726383399975,324.07813310000347,324.07813310000347,324.32691250002244,324.32691250002244,324.32691250002244,324.32691250002244,324.32691250002244,324.32691250002244,324.32691250002244,right,1,0.6159756999695674,,,,,826594791,Marcos,2025-09-20_20h04.34.469,css-task,2022.2.1,59.378156320177844,
,,,,,,,,,,,,,,,,,,,,0,0,0,0,15,0,15,0,,,,826594791,,,,,,,,,,,,,,heterogeneous,color-shape,1,shape,circle,green,switch,left,1,0,,,,,,,324.95983489998616,325.2939025000087,325.31090689997654,325.5595811000094,325.5595811000094,325.5595811000094,325.5595811000094,325.5595811000094,325.5595811000094,325.5595811000094,left,1,1.3001614999957383,,,,,826594791,Marcos,2025-09-20_20h04.34.469,css-task,2022.2.1,59.378156320177844,
,,,,,,,,,,,,,,,,,,,,0,0,0,0,16,0,16,0,,,,826594791,,,,,,,,,,,,,,heterogeneous,color-shape,1,color,triangle,green,switch,right,0,1,,,,,,,326.8768625999801,327.2100419999915,327.22694349999074,327.4777748999768,327.4777748999768,327.4777748999768,327.4777748999768,327.4777748999768,327.4777748999768,327.4777748999768,right,1,1.4158128999988548,,,,,826594791,Marcos,2025-09-20_20h04.34.469,css-task,2022.2.1,59.378156320177844,
,,,,,,,,,,,,,,,,,,,,0,0,0,0,17,0,17,0,,,,826594791,,,,,,,,,,,,,,heterogeneous,color-shape,1,color,triangle,blue,no-switch,left,0,1,,,,,,,328.9111002999707,329.2613572999835,329.2613572999835,329.5254094999982,329.5254094999982,329.5254094999982,329.5254094999982,329.5254094999982,329.5254094999982,329.5254094999982,left,1,1.0861146999523044,,,,,826594791,Marcos,2025-09-20_20h04.34.469,css-task,2022.2.1,59.378156320177844,
,,,,,,,,,,,,,,,,,,,,0,0,0,0,18,0,18,0,,,,826594791,,,,,,,,,,,,,,heterogeneous,color-shape,1,shape,triangle,green,switch,right,0,1,,,,,,,330.6427747000125,330.97766869998304,330.9945571999997,331.24300989997573,331.24300989997573,331.24300989997573,331.24300989997573,331.24300989997573,331.24300989997573,331.24300989997573,right,1,3.0174554000259377,,,,,826594791,Marcos,2025-09-20_20h04.34.469,css-task,2022.2.1,59.378156320177844,
,,,,,,,,,,,,,,,,,,,,0,0,0,0,19,0,19,0,,,,826594791,,,,,,,,,,,,,,heterogeneous,color-shape,1,color,circle,blue,switch,left,1,0,,,,,,,334.29216939996695,334.62760810001055,334.6442771999864,334.89132110000355,334.89132110000355,334.89132110000355,334.89132110000355,334.89132110000355,334.89132110000355,334.89132110000355,left,1,0.7561050999793224,,,,,826594791,Marcos,2025-09-20_20h04.34.469,css-task,2022.2.1,59.378156320177844,
,,,,,,,,,,,,,,,,,,,,0,0,0,0,20,0,20,0,,,,826594791,,,,,,,,,,,,,,heterogeneous,color-shape,1,shape,circle,blue,switch,left,1,0,,,,,,,335.6745023999829,336.0099269999773,336.027726100001,336.2749223000137,336.2749223000137,336.2749223000137,336.2749223000137,336.2749223000137,336.2749223000137,336.2749223000137,left,1,1.4191411000210792,,,,,826594791,Marcos,2025-09-20_20h04.34.469,css-task,2022.2.1,59.378156320177844,
,,,,,,,,,,,,,,,,,,,,0,0,0,0,21,0,21,0,,,,826594791,,,,,,,,,,,,,,heterogeneous,color-shape,1,color,circle,blue,switch,left,1,0,,,,,,,337.72618960001273,338.06013349996647,338.0768007999868,338.30975010001566,338.30975010001566,338.30975010001566,338.30975010001566,338.30975010001566,338.30975010001566,338.30975010001566,left,1,1.1518916999921203,,,,,826594791,Marcos,2025-09-20_20h04.34.469,css-task,2022.2.1,59.378156320177844,
,,,,,,,,,,,,,,,,,,,,0,0,0,0,22,0,22,0,,,,826594791,,,,,,,,,,,,,,heterogeneous,color-shape,1,shape,triangle,green,switch,right,0,1,,,,,,,339.4909985999693,339.82784719998017,339.8427753999713,340.07734509999864,340.07734509999864,340.07734509999864,340.07734509999864,340.07734509999864,340.07734509999864,340.07734509999864,right,1,1.6666444999864325,,,,,826594791,Marcos,2025-09-20_20h04.34.469,css-task,2022.2.1,59.378156320177844,
,,,,,,,,,,,,,,,,,,,,0,0,0,0,23,0,23,0,,,,826594791,,,,,,,,,,,,,,heterogeneous,color-shape,1,color,triangle,green,switch,right,0,1,,,,,,,341.77435839996906,342.1097071999684,342.1272702999995,342.3602847000002,342.3602847000002,342.3602847000002,342.3602847000002,342.3602847000002,342.3602847000002,342.3602847000002,right,1,1.134842799976468,,,,,826594791,Marcos,2025-09-20_20h04.34.469,css-task,2022.2.1,59.378156320177844,
,,,,,,,,,,,,,,,,,,,,0,0,0,0,24,0,24,0,,,,826594791,,,,,,,,,,,,,,heterogeneous,color-shape,1,color,triangle,green,no-switch,right,0,1,,,,,,,343.5095100000035,343.85916059999727,343.85916059999727,344.10999450000236,344.10999450000236,344.10999450000236,344.10999450000236,344.10999450000236,344.10999450000236,344.10999450000236,right,1,0.6660864999867044,,,,,826594791,Marcos,2025-09-20_20h04.34.469,css-task,2022.2.1,59.378156320177844,
,,,,,,,,,,,,,,,,,,,,0,0,0,0,25,0,25,0,,,,826594791,,,,,,,,,,,,,,heterogeneous,color-shape,1,color,triangle,blue,no-switch,left,0,1,,,,,,,344.79327309998916,345.14254590001656,345.14254590001656,345.3916717999964,345.3916717999964,345.3916717999964,345.3916717999964,345.3916717999964,345.3916717999964,345.3916717999964,left,1,2.0011955999652855,,,,,826594791,Marcos,2025-09-20_20h04.34.469,css-task,2022.2.1,59.378156320177844,
,,,,,,,,,,,,,,,,,,,,0,0,0,0,26,0,26,0,,,,826594791,,,,,,,,,,,,,,heterogeneous,color-shape,1,shape,triangle,blue,switch,right,0,1,,,,,,,347.42490330000874,347.75945890002185,347.7766697999905,348.0252475999878,348.0252475999878,348.0252475999878,348.0252475999878,348.0252475999878,348.0252475999878,348.0252475999878,right,1,0.9835796999977902,,,,,826594791,Marcos,2025-09-20_20h04.34.469,css-task,2022.2.1,59.378156320177844,
,,,,,,,,,,,,,,,,,,,,0,0,0,0,27,0,27,0,,,,826594791,,,,,,,,,,,,,,heterogeneous,color-shape,1,color,triangle,blue,switch,left,0,1,,,,,,,349.0269945000182,349.3595506999991,349.37671370001044,349.6404218999669,349.6404218999669,349.6404218999669,349.6404218999669,349.6404218999669,349.6404218999669,349.6404218999669,left,1,1.000069400004577,,,,,826594791,Marcos,2025-09-20_20h04.34.469,css-task,2022.2.1,59.378156320177844,
,,,,,,,,,,,,,,,,,,,,0,0,0,0,28,0,28,0,,,,826594791,,,,,,,,,,,,,,heterogeneous,color-shape,1,color,triangle,green,no-switch,right,0,1,,,,,,,350.6604633000097,350.99265689996537,351.02682440000353,351.2428487999714,351.2428487999714,351.2428487999714,351.2428487999714,351.2428487999714,351.2428487999714,351.2428487999714,right,1,0.8492887999746017,,,,,826594791,Marcos,2025-09-20_20h04.34.469,css-task,2022.2.1,59.378156320177844,
,,,,,,,,,,,,,,,,,,,,0,0,0,0,29,0,29,0,,,,826594791,,,,,,,,,,,,,,heterogeneous,color-shape,1,color,triangle,green,no-switch,right,0,1,,,,,,,352.10853059997316,352.4425635000225,352.4599380000145,352.72432019998087,352.72432019998087,352.72432019998087,352.72432019998087,352.72432019998087,352.72432019998087,352.72432019998087,right,1,0.5694019999937154,,,,,826594791,Marcos,2025-09-20_20h04.34.469,css-task,2022.2.1,59.378156320177844,
,,,,,,,,,,,,,,,,,,,,0,0,0,0,30,0,30,0,,,,826594791,,,,,,,,,,,,,,heterogeneous,color-shape,1,shape,triangle,green,switch,right,0,1,,,,,,,353.3241507000057,353.6596322999685,353.6760443999665,353.92362800001865,353.92362800001865,353.92362800001865,353.92362800001865,353.92362800001865,353.92362800001865,353.92362800001865,right,1,2.4531287000281736,,,,,826594791,Marcos,2025-09-20_20h04.34.469,css-task,2022.2.1,59.378156320177844,
,,,,,,,,,,,,,,,,,,,,0,0,0,0,31,0,31,0,,,,826594791,,,,,,,,,,,,,,heterogeneous,color-shape,1,color,circle,blue,switch,left,1,0,,,,,,,356.39195859996835,356.7429464000161,356.7429464000161,357.0085722999647,357.0085722999647,357.0085722999647,357.0085722999647,357.0085722999647,357.0085722999647,357.0085722999647,left,1,0.7193993999972008,,,,,826594791,Marcos,2025-09-20_20h04.34.469,css-task,2022.2.1,59.378156320177844,
,,,,,,,,,,,,,,,,,,,,0,0,0,0,32,0,32,0,,,,826594791,,,,,,,,,,,,,,heterogeneous,color-shape,1,color,triangle,green,no-switch,right,0,1,,,,,,,357.74227220000466,358.092856400006,358.092856400006,358.3413596000173,358.3413596000173,358.3413596000173,358.3413596000173,358.3413596000173,358.3413596000173,358.3413596000173,right,1,0.8024312000488862,,,,,826594791,Marcos,2025-09-20_20h04.34.469,css-task,2022.2.1,59.378156320177844,
,,,,,,,,,,,,,,,,,,,,0,0,0,0,33,0,33,0,,,,826594791,,,,,,,,,,,,,,heterogeneous,color-shape,1,shape,triangle,blue,switch,right,0,1,,,,,,,359.175267899991,359.5096463999944,359.525542999967,359.7746358999866,359.7746358999866,359.7746358999866,359.7746358999866,359.7746358999866,359.7746358999866,359.7746358999866,right,1,1.567526100028772,,,,,826594791,Marcos,2025-09-20_20h04.34.469,css-task,2022.2.1,59.378156320177844,
,,,,,,,,,,,,,,,,,,,,0,0,0,0,34,0,34,0,,,,826594791,,,,,,,,,,,,,,heterogeneous,color-shape,1,shape,circle,blue,no-switch,left,1,0,,,,,,,361.3737105000182,361.709612799983,361.72640169999795,361.9588955999934,361.9588955999934,361.9588955999934,361.9588955999934,361.9588955999934,361.9588955999934,361.9588955999934,left,1,1.1189445999916643,,,,,826594791,Marcos,2025-09-20_20h04.34.469,css-task,2022.2.1,59.378156320177844,
,,,,,,,,,,,,,,,,,,,,0,0,0,0,35,0,35,0,,,,826594791,,,,,,,,,,,,,,heterogeneous,color-shape,1,color,triangle,green,switch,right,0,1,,,,,,,363.10625850001816,363.44254630000796,363.4606708000065,363.692542499979,363.692542499979,363.692542499979,363.692542499979,363.692542499979,363.692542499979,363.692542499979,right,1,0.5172425999771804,,,,,826594791,Marcos,2025-09-20_20h04.34.469,css-task,2022.2.1,59.378156320177844,
,,,,,,,,,,,,,,,,,,,,0,0,0,0,36,0,36,0,,,,826594791,,,,,,,,,,,,,,heterogeneous,color-shape,1,shape,circle,green,switch,left,1,0,,,,,,,364.22501539997756,364.5751667000004,364.5751667000004,364.84090359997936,364.84090359997936,364.84090359997936,364.84090359997936,364.84090359997936,364.84090359997936,364.84090359997936,left,1,1.9694494000286795,,,,,826594791,Marcos,2025-09-20_20h04.34.469,css-task,2022.2.1,59.378156320177844,
,,,,,,,,,,,,,,,,,,,,0,0,0,0,37,0,37,0,,,,826594791,,,,,,,,,,,,,,heterogeneous,color-shape,1,color,circle,green,switch,right,1,0,,,,,,,366.84020450001117,367.1748057999648,367.1923410000163,367.42388899996877,367.42388899996877,367.42388899996877,367.42388899996877,367.42388899996877,367.42388899996877,367.42388899996877,right,1,1.286740200011991,,,,,826594791,Marcos,2025-09-20_20h04.34.469,css-task,2022.2.1,59.378156320177844,
,,,,,,,,,,,,,,,,,,,,0,0,0,0,38,0,38,0,,,,826594791,,,,,,,,,,,,,,heterogeneous,color-shape,1,shape,circle,green,switch,left,1,0,,,,,,,368.7401008000015,369.0742686999729,369.0909745999961,369.32453789998544,369.32453789998544,369.32453789998544,369.32453789998544,369.32453789998544,369.32453789998544,369.32453789998544,left,1,1.8172151999897324,,,,,826594791,Marcos,2025-09-20_20h04.34.469,css-task,2022.2.1,59.378156320177844,
,,,,,,,,,,,,,,,,,,,,0,0,0,0,39,0,39,0,,,,826594791,,,,,,,,,,,,,,heterogeneous,color-shape,1,color,circle,blue,switch,left,1,0,,,,,,,371.1573053000029,371.5089926000219,371.5089926000219,371.7407095999806,371.7407095999806,371.7407095999806,371.7407095999806,371.7407095999806,371.7407095999806,371.7407095999806,left,1,1.7010384999448434,,,,,826594791,Marcos,2025-09-20_20h04.34.469,css-task,2022.2.1,59.378156320177844,
,,,,,,,,,,,,,,,,,,,,0,0,0,0,40,0,40,0,,,,826594791,,,,,,,,,,,,,,heterogeneous,color-shape,1,shape,circle,blue,switch,left,1,0,,,,,,,373.4570418999647,373.8095265000011,373.8095265000011,374.0579644999816,374.0579644999816,374.0579644999816,374.0579644999816,374.0579644999816,374.0579644999816,374.0579644999816,left,1,3.1832291000173427,,,,,826594791,Marcos,2025-09-20_20h04.34.469,css-task,2022.2.1,59.378156320177844,
,,,,,,,,,,,,,,,,,,,,0,0,0,0,41,0,41,0,,,,826594791,,,,,,,,,,,,,,heterogeneous,color-shape,1,shape,triangle,blue,no-switch,right,0,1,,,,,,,377.25827009999193,377.6088075999869,377.6088075999869,377.87332899996545,377.87332899996545,377.87332899996545,377.87332899996545,377.87332899996545,377.87332899996545,377.87332899996545,right,1,1.4342333999811672,,,,,826594791,Marcos,2025-09-20_20h04.34.469,css-task,2022.2.1,59.378156320177844,
,,,,,,,,,,,,,,,,,,,,0,0,0,0,42,0,42,0,,,,826594791,,,,,,,,,,,,,,heterogeneous,color-shape,1,color,circle,green,switch,right,1,0,,,,,,,379.33992639998905,379.67562950000865,379.6922235999955,379.9408708999981,379.9408708999981,379.9408708999981,379.9408708999981,379.9408708999981,379.9408708999981,379.9408708999981,right,1,1.0691515000071377,,,,,826594791,Marcos,2025-09-20_20h04.34.469,css-task,2022.2.1,59.378156320177844,
,,,,,,,,,,,,,,,,,,,,0,0,0,0,43,0,43,0,,,,826594791,,,,,,,,,,,,,,heterogeneous,color-shape,1,color,triangle,blue,no-switch,left,0,1,,,,,,,381.039572699985,381.3752525000018,381.39119409996783,381.6240070000058,381.6240070000058,381.6240070000058,381.6240070000058,381.6240070000058,381.6240070000058,381.6240070000058,left,1,1.1022043999982998,,,,,826594791,Marcos,2025-09-20_20h04.34.469,css-task,2022.2.1,59.378156320177844,
,,,,,,,,,,,,,,,,,,,,0,0,0,0,44,0,44,0,,,,826594791,,,,,,,,,,,,,,heterogeneous,color-shape,1,shape,triangle,green,switch,right,0,1,,,,,,,382.7575746999937,383.0924615999684,383.1083881999948,383.3566880999715,383.3566880999715,383.3566880999715,383.3566880999715,383.3566880999715,383.3566880999715,383.3566880999715,right,1,1.4172892000060529,,,,,826594791,Marcos,2025-09-20_20h04.34.469,css-task,2022.2.1,59.378156320177844,
,,,,,,,,,,,,,,,,,,,,0,0,0,0,45,0,45,0,,,,826594791,,,,,,,,,,,,,,heterogeneous,color-shape,1,shape,circle,green,no-switch,left,1,0,,,,,,,384.79273519996786,385.12562810000964,385.1419615999912,385.40611899999203,385.40611899999203,385.40611899999203,385.40611899999203,385.40611899999203,385.40611899999203,385.40611899999203,left,1,1.5518683000118472,,,,,826594791,Marcos,2025-09-20_20h04.34.469,css-task,2022.2.1,59.378156320177844,
,,,,,,,,,,,,,,,,,,,,0,0,0,0,46,0,46,0,,,,826594791,,,,,,,,,,,,,,heterogeneous,color-shape,1,color,triangle,green,switch,right,0,1,,,,,,,386.9734290000051,387.3252669000067,387.3252669000067,387.5903107000049,387.5903107000049,387.5903107000049,387.5903107000049,387.5903107000049,387.5903107000049,387.5903107000049,right,1,0.7837096999865025,,,,,826594791,Marcos,2025-09-20_20h04.34.469,css-task,2022.2.1,59.378156320177844,
,,,,,,,,,,,,,,,,,,,,0,0,0,0,47,0,47,0,,,,826594791,,,,,,,,,,,,,,heterogeneous,color-shape,1,color,circle,blue,no-switch,left,1,0,,,,,,,388.3911091000191,388.7415051999851,388.7415051999851,389.00599610002246,389.00599610002246,389.00599610002246,389.00599610002246,389.00599610002246,389.00599610002246,389.00599610002246,left,1,0.5853608000325039,,,,,826594791,Marcos,2025-09-20_20h04.34.469,css-task,2022.2.1,59.378156320177844,
,,,,,,,,,,,,,,,,,,,,0,0,0,0,48,0,48,0,,,,826594791,,,,,,,,,,,,,,heterogeneous,color-shape,1,shape,triangle,green,switch,right,0,1,,,,,,,389.6234555999981,389.95727870002156,389.9748551999801,390.2229341000202,390.2229341000202,390.2229341000202,390.2229341000202,390.2229341000202,390.2229341000202,390.2229341000202,right,1,0.8171426000189967,,,,,826594791,Marcos,2025-09-20_20h04.34.469,css-task,2022.2.1,59.378156320177844,
,,,,,,,,,,,,,,,,,,,,0,0,0,0,49,0,49,0,,,,826594791,,,,,,,,,,,,,,heterogeneous,color-shape,1,shape,circle,green,no-switch,left,1,0,,,,,,,391.05788779997965,391.3922070999979,391.4083557999693,391.6555934000062,391.6555934000062,391.6555934000062,391.6555934000062,391.6555934000062,391.6555934000062,391.6555934000062,left,1,1.818137200025376,,,,,826594791,Marcos,2025-09-20_20h04.34.469,css-task,2022.2.1,59.378156320177844,
,,,,,,,,,,,,,,,,,,,,0,0,0,0,50,0,50,0,,,,826594791,,,,,,,,,,,,,,heterogeneous,color-shape,1,color,circle,green,switch,right,1,0,,,,,,,393.49213249998866,393.82416459999513,393.85819970001467,394.08953320002183,394.08953320002183,394.08953320002183,394.08953320002183,394.08953320002183,394.08953320002183,394.08953320002183,right,1,0.8701601000502706,,,,,826594791,Marcos,2025-09-20_20h04.34.469,css-task,2022.2.1,59.378156320177844,
,,,,,,,,,,,,,,,,,,,,0,0,0,0,51,0,51,0,,,,826594791,,,,,,,,,,,,,,heterogeneous,color-shape,1,color,triangle,blue,no-switch,left,0,1,,,,,,,394.97297750000143,395.3248039999744,395.3248039999744,395.589467599988,395.589467599988,395.589467599988,395.589467599988,395.589467599988,395.589467599988,395.589467599988,left,1,0.9690607000375167,,,,,826594791,Marcos,2025-09-20_20h04.34.469,css-task,2022.2.1,59.378156320177844,
,,,,,,,,,,,,,,,,,,,,0,0,0,0,52,0,52,0,,,,826594791,,,,,,,,,,,,,,heterogeneous,color-shape,1,color,triangle,green,no-switch,right,0,1,,,,,,,396.57397149997996,396.9243375000078,396.9243375000078,397.17500539997127,397.17500539997127,397.17500539997127,397.17500539997127,397.17500539997127,397.17500539997127,397.17500539997127,right,1,1.1646119999932125,,,,,826594791,Marcos,2025-09-20_20h04.34.469,css-task,2022.2.1,59.378156320177844,
,,,,,,,,,,,,,,,,,,,,0,0,0,0,53,0,53,0,,,,826594791,,,,,,,,,,,,,,heterogeneous,color-shape,1,color,triangle,green,no-switch,right,0,1,,,,,,,398.3579141999944,398.70695819996763,398.70695819996763,398.97175650001736,398.97175650001736,398.97175650001736,398.97175650001736,398.97175650001736,398.97175650001736,398.97175650001736,right,1,1.119293799973093,,,,,826594791,Marcos,2025-09-20_20h04.34.469,css-task,2022.2.1,59.378156320177844,
,,,,,,,,,,,,,,,,,,,,0,0,0,0,54,0,54,0,,,,826594791,,,,,,,,,,,,,,heterogeneous,color-shape,1,shape,circle,blue,switch,left,1,0,,,,,,,400.1069825000013,400.4578424000065,400.4578424000065,400.7062241999665,400.7062241999665,400.7062241999665,400.7062241999665,400.7062241999665,400.7062241999665,400.7062241999665,left,1,0.5857317000045441,,,,,826594791,Marcos,2025-09-20_20h04.34.469,css-task,2022.2.1,59.378156320177844,
,,,,,,,,,,,,,,,,,,,,0,0,0,0,55,0,55,0,,,,826594791,,,,,,,,,,,,,,heterogeneous,color-shape,1,color,circle,blue,switch,left,1,0,,,,,,,401.32153479999397,401.65736700000707,401.6737570000114,401.92219720000867,401.92219720000867,401.92219720000867,401.92219720000867,401.92219720000867,401.92219720000867,401.92219720000867,left,1,0.7025115999858826,,,,,826594791,Marcos,2025-09-20_20h04.34.469,css-task,2022.2.1,59.378156320177844,
,,,,,,,,,,,,,,,,,,,,0,0,0,0,56,0,56,0,,,,826594791,,,,,,,,,,,,,,heterogeneous,color-shape,1,color,triangle,green,no-switch,right,0,1,,,,,,,402.640310399991,402.9901117999689,402.9901117999689,403.2555192,403.2555192,403.2555192,403.2555192,403.2555192,403.2555192,403.2555192,right,1,0.983131000015419,,,,,826594791,Marcos,2025-09-20_20h04.34.469,css-task,2022.2.1,59.378156320177844,
,,,,,,,,,,,,,,,,,,,,0,0,0,0,57,0,57,0,,,,826594791,,,,,,,,,,,,,,heterogeneous,color-shape,1,color,triangle,green,no-switch,right,0,1,,,,,,,404.25646279996727,404.5903086999897,404.6074204000179,404.8390851999866,404.8390851999866,404.8390851999866,404.8390851999866,404.8390851999866,404.8390851999866,404.8390851999866,right,1,0.6165327000198886,,,,,826594791,Marcos,2025-09-20_20h04.34.469,css-task,2022.2.1,59.378156320177844,
,,,,,,,,,,,,,,,,,,,,0,0,0,0,58,0,58,0,,,,826594791,,,,,,,,,,,,,,heterogeneous,color-shape,1,color,circle,green,no-switch,right,1,0,,,,,,,405.4733656999888,405.8075258000172,405.82425529998727,406.07326929998817,406.07326929998817,406.07326929998817,406.07326929998817,406.07326929998817,406.07326929998817,406.07326929998817,left,0,1.05075689998921,,,,,826594791,Marcos,2025-09-20_20h04.34.469,css-task,2022.2.1,59.378156320177844,
,,,,,,,,,,,,,,,,,,,,0,0,0,0,59,0,59,0,,,,826594791,,,,,,,,,,,,,,heterogeneous,color-shape,1,shape,circle,green,switch,left,1,0,,,,,,,407.15666280000005,407.49121690000175,407.50596579996636,407.7565470999689,407.7565470999689,407.7565470999689,407.7565470999689,407.7565470999689,407.7565470999689,407.7565470999689,left,1,0.9831234000157565,,,,,826594791,Marcos,2025-09-20_20h04.34.469,css-task,2022.2.1,59.378156320177844,
,,,,,,,,,,,,,,,,,,,,0,0,0,0,60,0,60,0,,,,826594791,,,,,,,,,,,,,,heterogeneous,color-shape,1,color,circle,blue,switch,left,1,0,,,,,,,408.77206950000254,409.10771850001765,409.1242443000083,409.3560064000194,409.3560064000194,409.3560064000194,409.3560064000194,409.3560064000194,409.3560064000194,409.3560064000194,left,1,0.8836578000336885,,,,,826594791,Marcos,2025-09-20_20h04.34.469,css-task,2022.2.1,59.378156320177844,
,,,,,,,,,,,,,,,,,,,,0,0,0,0,61,0,61,0,,,,826594791,,,,,,,,,,,,,,heterogeneous,color-shape,1,color,circle,green,no-switch,right,1,0,,,,,,,410.2565633999766,410.6079679999966,410.6079679999966,410.8564498000196,410.8564498000196,410.8564498000196,410.8564498000196,410.8564498000196,410.8564498000196,410.8564498000196,right,1,0.9657069999957457,,,,,826594791,Marcos,2025-09-20_20h04.34.469,css-task,2022.2.1,59.378156320177844,
,,,,,,,,,,,,,,,,,,,,0,0,0,0,62,0,62,0,,,,826594791,,,,,,,,,,,,,,heterogeneous,color-shape,1,shape,circle,blue,switch,left,1,0,,,,,,,411.84061129996553,412.1908607999794,412.1908607999794,412.4381755000213,412.4381755000213,412.4381755000213,412.4381755000213,412.4381755000213,412.4381755000213,412.4381755000213,left,1,1.6849327000090852,,,,,826594791,Marcos,2025-09-20_20h04.34.469,css-task,2022.2.1,59.378156320177844,
,,,,,,,,,,,,,,,,,,,,0,0,0,0,63,0,63,0,,,,826594791,,,,,,,,,,,,,,heterogeneous,color-shape,1,shape,circle,green,no-switch,left,1,0,,,,,,,414.13929620001,414.4908646999975,414.4908646999975,414.7558961000177,414.7558961000177,414.7558961000177,414.7558961000177,414.7558961000177,414.7558961000177,414.7558961000177,left,1,1.667716299998574,,,,,826594791,Marcos,2025-09-20_20h04.34.469,css-task,2022.2.1,59.378156320177844,
,,,,,,,,,,,,,,,,,,,,0,0,0,0,64,0,64,0,,,,826594791,,,,,,,,,,,,,,heterogeneous,color-shape,1,color,triangle,blue,switch,left,0,1,,,,,,,416.43846289999783,416.7909064000123,416.7909064000123,417.0390050999704,417.0390050999704,417.0390050999704,417.0390050999704,417.0390050999704,417.0390050999704,417.0390050999704,left,1,0.8354338000062853,,,,,826594791,Marcos,2025-09-20_20h04.34.469,css-task,2022.2.1,59.378156320177844,
,,,,,,,,,,,,,,,,,,,,0,0,0,0,65,0,65,0,,,,826594791,,,,,,,,,,,,,,heterogeneous,color-shape,1,color,triangle,green,no-switch,right,0,1,,,,,,,417.90363169997,418.2381873999839,418.256052599987,418.488726200012,418.488726200012,418.488726200012,418.488726200012,418.488726200012,418.488726200012,418.488726200012,right,1,1.7509417000110261,,,,,826594791,Marcos,2025-09-20_20h04.34.469,css-task,2022.2.1,59.378156320177844,
,,,,,,,,,,,,,,,,,,,,0,0,0,0,66,0,66,0,,,,826594791,,,,,,,,,,,,,,heterogeneous,color-shape,1,color,triangle,green,no-switch,right,0,1,,,,,,,420.25568800000474,420.6070582999964,420.6070582999964,420.87241179996636,420.87241179996636,420.87241179996636,420.87241179996636,420.87241179996636,420.87241179996636,420.87241179996636,right,1,0.4865769000025466,,,,,826594791,Marcos,2025-09-20_20h04.34.469,css-task,2022.2.1,59.378156320177844,
,,,,,,,,,,,,,,,,,,,,0,0,0,0,67,0,67,0,,,,826594791,,,,,,,,,,,,,,heterogeneous,color-shape,1,color,circle,blue,no-switch,left,1,0,,,,,,,421.3729930999689,421.7221260999795,421.7221260999795,421.98736859997734,421.98736859997734,421.98736859997734,421.98736859997734,421.98736859997734,421.98736859997734,421.98736859997734,left,1,0.8021412999951281,,,,,826594791,Marcos,2025-09-20_20h04.34.469,css-task,2022.2.1,59.378156320177844,
,,,,,,,,,,,,,,,,,,,,0,0,0,0,68,0,68,0,,,,826594791,,,,,,,,,,,,,,heterogeneous,color-shape,1,shape,triangle,blue,switch,right,0,1,,,,,,,422.8066517999978,423.1394753999775,423.15642040001694,423.42174319998594,423.42174319998594,423.42174319998594,423.42174319998594,423.42174319998594,423.42174319998594,423.42174319998594,left,0,0.9679663999704644,,,,,826594791,Marcos,2025-09-20_20h04.34.469,css-task,2022.2.1,59.378156320177844,
,,,,,,,,,,,,,,,,,,,,0,0,0,0,69,0,69,0,,,,826594791,,,,,,,,,,,,,,heterogeneous,color-shape,1,color,triangle,green,switch,right,0,1,,,,,,,424.4059795999783,424.7571556000039,424.7571556000039,425.02186719997553,425.02186719997553,425.02186719997553,425.02186719997553,425.02186719997553,425.02186719997553,425.02186719997553,right,1,2.7341538000036962,,,,,826594791,Marcos,2025-09-20_20h04.34.469,css-task,2022.2.1,59.378156320177844,
,,,,,,,,,,,,,,,,,,,,0,0,0,0,70,0,70,0,,,,826594791,,,,,,,,,,,,,,heterogeneous,color-shape,1,color,triangle,blue,no-switch,left,0,1,,,,,,,427.771719500015,428.1226600999944,428.1226600999944,428.3870146999834,428.3870146999834,428.3870146999834,428.3870146999834,428.3870146999834,428.3870146999834,428.3870146999834,left,1,0.8520707999705337,,,,,826594791,Marcos,2025-09-20_20h04.34.469,css-task,2022.2.1,59.378156320177844,
,,,,,,,,,,,,,,,,,,,,0,0,0,0,71,0,71,0,,,,826594791,,,,,,,,,,,,,,heterogeneous,color-shape,1,color,circle,blue,no-switch,left,1,0,,,,,,,429.25676660001045,429.58863690000726,429.6215248000226,429.8557400999707,429.8557400999707,429.8557400999707,429.8557400999707,429.8557400999707,429.8557400999707,429.8557400999707,left,1,0.5832075999933295,,,,,826594791,Marcos,2025-09-20_20h04.34.469,css-task,2022.2.1,59.378156320177844,
,,,,,,,,,,,,,,,,,,,,0,0,0,0,72,0,72,0,,,,826594791,,,,,,,,,,,,,,heterogeneous,color-shape,1,color,circle,blue,no-switch,left,1,0,,,,,,,430.45683470001677,430.8050945000141,430.8050945000141,431.05478900001617,431.05478900001617,431.05478900001617,431.05478900001617,431.05478900001617,431.05478900001617,431.05478900001617,left,1,0.6514718999969773,,,,,826594791,Marcos,2025-09-20_20h04.34.469,css-task,2022.2.1,59.378156320177844,
,,,,,,,,,,,,,,,,,,,,0,0,0,0,73,0,73,0,,,,826594791,,,,,,,,,,,,,,heterogeneous,color-shape,1,color,circle,blue,no-switch,left,1,0,,,,,,,431.72267290001037,432.07366910000565,432.07366910000565,432.33684289996745,432.33684289996745,432.33684289996745,432.33684289996745,432.33684289996745,432.33684289996745,432.33684289996745,left,1,0.45144420000724494,,,,,826594791,Marcos,2025-09-20_20h04.34.469,css-task,2022.2.1,59.378156320177844,
,,,,,,,,,,,,,,,,,,,,0,0,0,0,74,0,74,0,,,,826594791,,,,,,,,,,,,,,heterogeneous,color-shape,1,color,triangle,green,no-switch,right,0,1,,,,,,,432.8049886000226,433.1568464000011,433.1568464000011,433.4200138999731,433.4200138999731,433.4200138999731,433.4200138999731,433.4200138999731,433.4200138999731,433.4200138999731,right,1,1.8872804999700747,,,,,826594791,Marcos,2025-09-20_20h04.34.469,css-task,2022.2.1,59.378156320177844,
,,,,,,,,,,,,,,,,,,,,0,0,0,0,75,0,75,0,,,,826594791,,,,,,,,,,,,,,heterogeneous,color-shape,1,shape,circle,green,switch,left,1,0,,,,,,,435.3375517000095,435.6720290000085,435.6894677999662,435.9373123999685,435.9373123999685,435.9373123999685,435.9373123999685,435.9373123999685,435.9373123999685,435.9373123999685,left,1,0.902446600026451,,,,,826594791,Marcos,2025-09-20_20h04.34.469,css-task,2022.2.1,59.378156320177844,
,,,,,,,,,,,,,,,,,,,,0,0,0,0,76,0,76,0,,,,826594791,,,,,,,,,,,,,,heterogeneous,color-shape,1,shape,triangle,green,no-switch,right,0,1,,,,,,,436.85521269997116,437.2058819999802,437.2058819999802,437.47015419998206,437.47015419998206,437.47015419998206,437.47015419998206,437.47015419998206,437.47015419998206,437.47015419998206,right,1,0.785702700028196,,,,,826594791,Marcos,2025-09-20_20h04.34.469,css-task,2022.2.1,59.378156320177844,
,,,,,,,,,,,,,,,,,,,,0,0,0,0,77,0,77,0,,,,826594791,,,,,,,,,,,,,,heterogeneous,color-shape,1,color,triangle,green,switch,right,0,1,,,,,,,438.2704811000149,438.62287550000474,438.62287550000474,438.8866302999668,438.8866302999668,438.8866302999668,438.8866302999668,438.8866302999668,438.8866302999668,438.8866302999668,right,1,2.5028862000326626,,,,,826594791,Marcos,2025-09-20_20h04.34.469,css-task,2022.2.1,59.378156320177844,
,,,,,,,,,,,,,,,,,,,,0,0,0,0,78,0,78,0,,,,826594791,,,,,,,,,,,,,,heterogeneous,color-shape,1,color,triangle,green,no-switch,right,0,1,,,,,,,441.4059713999741,441.7557973000221,441.77146690001246,442.0208840999985,442.0208840999985,442.0208840999985,442.0208840999985,442.0208840999985,442.0208840999985,442.0208840999985,right,1,0.6518203999730758,,,,,826594791,Marcos,2025-09-20_20h04.34.469,css-task,2022.2.1,59.378156320177844,
,,,,,,,,,,,,,,,,,,,,0,0,0,0,79,0,79,0,,,,826594791,,,,,,,,,,,,,,heterogeneous,color-shape,1,color,triangle,green,no-switch,right,0,1,,,,,,,442.68722479999997,443.0381999000092,443.0381999000092,443.3039240000071,443.3039240000071,443.3039240000071,443.3039240000071,443.3039240000071,443.3039240000071,443.3039240000071,right,1,0.784433800028637,,,,,826594791,Marcos,2025-09-20_20h04.34.469,css-task,2022.2.1,59.378156320177844,
,,,,,,,,,,,,,,,,,,,,0,0,0,0,80,0,80,0,,,,826594791,,,,,,,,,,,,,,heterogeneous,color-shape,1,color,triangle,blue,no-switch,left,0,1,,,,,,,444.1052727000206,444.43851589999394,444.456313600007,444.7033148999908,444.7033148999908,444.7033148999908,444.7033148999908,444.7033148999908,444.7033148999908,444.7033148999908,left,1,1.4331597999553196,,,,,826594791,Marcos,2025-09-20_20h04.34.469,css-task,2022.2.1,59.378156320177844,
,,,,,,,,,,,,,,,,,,,,0,0,0,0,81,0,81,0,,,,826594791,,,,,,,,,,,,,,heterogeneous,color-shape,1,color,triangle,blue,no-switch,left,0,1,,,,,,,446.15578179998556,446.48818440001924,446.5055054000113,446.7379181999713,446.7379181999713,446.7379181999713,446.7379181999713,446.7379181999713,446.7379181999713,446.7379181999713,left,1,0.635026799980551,,,,,826594791,Marcos,2025-09-20_20h04.34.469,css-task,2022.2.1,59.378156320177844,
,,,,,,,,,,,,,,,,,,,,0,0,0,0,82,0,82,0,,,,826594791,,,,,,,,,,,,,,heterogeneous,color-shape,1,color,circle,blue,no-switch,left,1,0,,,,,,,447.3885903999908,447.7383852999774,447.7544694999815,448.00348700000905,448.00348700000905,448.00348700000905,448.00348700000905,448.00348700000905,448.00348700000905,448.00348700000905,left,1,0.7501413999707438,,,,,826594791,Marcos,2025-09-20_20h04.34.469,css-task,2022.2.1,59.378156320177844,
,,,,,,,,,,,,,,,,,,,,0,0,0,0,83,0,83,0,,,,826594791,,,,,,,,,,,,,,heterogeneous,color-shape,1,color,triangle,green,no-switch,right,0,1,,,,,,,448.77071249997243,449.10542540001916,449.12109570001485,449.37006729998393,449.37006729998393,449.37006729998393,449.37006729998393,449.37006729998393,449.37006729998393,449.37006729998393,right,1,1.0335528999567032,,,,,826594791,Marcos,2025-09-20_20h04.34.469,css-task,2022.2.1,59.378156320177844,
,,,,,,,,,,,,,,,,,,,,0,0,0,0,84,0,84,0,,,,826594791,,,,,,,,,,,,,,heterogeneous,color-shape,1,shape,triangle,blue,switch,right,0,1,,,,,,,450.4372244999977,450.7716853999882,450.7886120000039,451.03645149996737,451.03645149996737,451.03645149996737,451.03645149996737,451.03645149996737,451.03645149996737,451.03645149996737,left,0,0.5693159000365995,,,,,826594791,Marcos,2025-09-20_20h04.34.469,css-task,2022.2.1,59.378156320177844,
,,,,,,,,,,,,,,,,,,,,0,0,0,0,85,0,85,0,,,,826594791,,,,,,,,,,,,,,heterogeneous,color-shape,1,shape,circle,blue,no-switch,left,1,0,,,,,,,451.61986779997824,451.97006449999753,451.97006449999753,452.2210754000116,452.2210754000116,452.2210754000116,452.2210754000116,452.2210754000116,452.2210754000116,452.2210754000116,left,1,0.46711309999227524,,,,,826594791,Marcos,2025-09-20_20h04.34.469,css-task,2022.2.1,59.378156320177844,
,,,,,,,,,,,,,,,,,,,,0,0,0,0,86,0,86,0,,,,826594791,,,,,,,,,,,,,,heterogeneous,color-shape,1,shape,triangle,blue,no-switch,right,0,1,,,,,,,452.70254039997235,453.0533311999752,453.0533311999752,453.31904719996965,453.31904719996965,453.31904719996965,453.31904719996965,453.31904719996965,453.31904719996965,453.31904719996965,left,0,0.4190581999719143,,,,,826594791,Marcos,2025-09-20_20h04.34.469,css-task,2022.2.1,59.378156320177844,
,,,,,,,,,,,,,,,,,,,,0,0,0,0,87,0,87,0,,,,826594791,,,,,,,,,,,,,,heterogeneous,color-shape,1,shape,circle,green,no-switch,left,1,0,,,,,,,453.7543643999961,454.1049422000069,454.1049422000069,454.35364049999043,454.35364049999043,454.35364049999043,454.35364049999043,454.35364049999043,454.35364049999043,454.35364049999043,left,1,1.7004549999837764,,,,,826594791,Marcos,2025-09-20_20h04.34.469,css-task,2022.2.1,59.378156320177844,
,,,,,,,,,,,,,,,,,,,,0,0,0,0,88,0,88,0,,,,826594791,,,,,,,,,,,,,,heterogeneous,color-shape,1,color,circle,green,switch,right,1,0,,,,,,,456.0693013999844,456.4203024000162,456.4203024000162,456.66980219999095,456.66980219999095,456.66980219999095,456.66980219999095,456.66980219999095,456.66980219999095,456.66980219999095,right,1,1.0007370000239462,,,,,826594791,Marcos,2025-09-20_20h04.34.469,css-task,2022.2.1,59.378156320177844,
,,,,,,,,,,,,,,,,,,,,0,0,0,0,89,0,89,0,,,,826594791,,,,,,,,,,,,,,heterogeneous,color-shape,1,shape,triangle,blue,switch,right,0,1,,,,,,,457.6881561999908,458.0206337000127,458.0375599999679,458.28739640000276,458.28739640000276,458.28739640000276,458.28739640000276,458.28739640000276,458.28739640000276,458.28739640000276,right,1,1.4342697000247426,,,,,826594791,Marcos,2025-09-20_20h04.34.469,css-task,2022.2.1,59.378156320177844,
,,,,,,,,,,,,,,,,,,,,0,0,0,0,90,0,90,0,,,,826594791,,,,,,,,,,,,,,heterogeneous,color-shape,1,shape,circle,green,no-switch,left,1,0,,,,,,,459.7372365000192,460.08634769998025,460.08634769998025,460.33676239999477,460.33676239999477,460.33676239999477,460.33676239999477,460.33676239999477,460.33676239999477,460.33676239999477,left,1,3.3834670999785885,,,,,826594791,Marcos,2025-09-20_20h04.34.469,css-task,2022.2.1,59.378156320177844,
,,,,,,,,,,,,,,,,,,,,0,0,0,0,91,0,91,0,,,,826594791,,,,,,,,,,,,,,heterogeneous,color-shape,1,shape,triangle,green,no-switch,right,0,1,,,,,,,463.73665059998166,464.07239310001023,464.08753269998124,464.3366833999753,464.3366833999753,464.3366833999753,464.3366833999753,464.3366833999753,464.3366833999753,464.3366833999753,right,1,1.1344047000166029,,,,,826594791,Marcos,2025-09-20_20h04.34.469,css-task,2022.2.1,59.378156320177844,
,,,,,,,,,,,,,,,,,,,,0,0,0,0,92,0,92,0,,,,826594791,,,,,,,,,,,,,,heterogeneous,color-shape,1,shape,triangle,green,no-switch,right,0,1,,,,,,,465.48758429999,465.8362516000052,465.85454390000086,466.1036354000098,466.1036354000098,466.1036354000098,466.1036354000098,466.1036354000098,466.1036354000098,466.1036354000098,right,1,0.8173225999926217,,,,,826594791,Marcos,2025-09-20_20h04.34.469,css-task,2022.2.1,59.378156320177844,
,,,,,,,,,,,,,,,,,,,,0,0,0,0,93,0,93,0,,,,826594791,,,,,,,,,,,,,,heterogeneous,color-shape,1,shape,circle,blue,no-switch,left,1,0,,,,,,,466.93725299998187,467.287552099966,467.287552099966,467.53724430000875,467.53724430000875,467.53724430000875,467.53724430000875,467.53724430000875,467.53724430000875,467.53724430000875,left,1,1.167352700023912,,,,,826594791,Marcos,2025-09-20_20h04.34.469,css-task,2022.2.1,59.378156320177844,
,,,,,,,,,,,,,,,,,,,,0,0,0,0,94,0,94,0,,,,826594791,,,,,,,,,,,,,,heterogeneous,color-shape,1,shape,circle,blue,no-switch,left,1,0,,,,,,,468.71995790000074,469.0712262999732,469.0712262999732,469.3357201999752,469.3357201999752,469.3357201999752,469.3357201999752,469.3357201999752,469.3357201999752,469.3357201999752,left,1,0.45029090001480654,,,,,826594791,Marcos,2025-09-20_20h04.34.469,css-task,2022.2.1,59.378156320177844,
,,,,,,,,,,,,,,,,,,,,0,0,0,0,95,0,95,0,,,,826594791,,,,,,,,,,,,,,heterogeneous,color-shape,1,color,triangle,green,switch,right,0,1,,,,,,,469.80276320001576,470.1372040999704,470.1550963000045,470.4028327999986,470.4028327999986,470.4028327999986,470.4028327999986,470.4028327999986,470.4028327999986,470.4028327999986,right,1,0.7355132999946363,,,,,826594791,Marcos,2025-09-20_20h04.34.469,css-task,2022.2.1,59.378156320177844,
,,,,,,,,,,,,,,,,,,,,0,0,0,0,96,0,96,0,,,,826594791,,,,,,,,,,,,,,heterogeneous,color-shape,1,shape,triangle,green,switch,right,0,1,,,,,,,471.1533771000104,471.5038245000178,471.5038245000178,471.752990900015,471.752990900015,471.752990900015,471.752990900015,471.752990900015,471.752990900015,471.752990900015,right,1,0.817078499996569,,,,,826594791,Marcos,2025-09-20_20h04.34.469,css-task,2022.2.1,59.378156320177844,
,,,,,,,,,,,,,,,,,,,,0,0,0,0,97,0,97,0,,,,826594791,,,,,,,,,,,,,,heterogeneous,color-shape,1,color,triangle,blue,switch,left,0,1,,,,,,,472.5864613999729,472.93581819999963,472.93581819999963,473.18605000001844,473.18605000001844,473.18605000001844,473.18605000001844,473.18605000001844,473.18605000001844,473.18605000001844,left,1,0.5506869999808259,,,,,826594791,Marcos,2025-09-20_20h04.34.469,css-task,2022.2.1,59.378156320177844,
,,,,,,,,,,,,,,,,,,,,0,0,0,0,98,0,98,0,,,,826594791,,,,,,,,,,,,,,heterogeneous,color-shape,1,shape,circle,blue,switch,left,1,0,,,,,,,473.7523039999651,474.1022266999935,474.1022266999935,474.35280009999406,474.35280009999406,474.35280009999406,474.35280009999406,474.35280009999406,474.35280009999406,474.35280009999406,left,1,0.7681360999704339,,,,,826594791,Marcos,2025-09-20_20h04.34.469,css-task,2022.2.1,59.378156320177844,
,,,,,,,,,,,,,,,,,,,,0,0,0,0,99,0,99,0,,,,826594791,,,,,,,,,,,,,,heterogeneous,color-shape,1,color,triangle,blue,switch,left,0,1,,,,,,,475.151690699975,475.4849357000203,475.50210589997005,475.73592619999545,475.73592619999545,475.73592619999545,475.73592619999545,475.73592619999545,475.73592619999545,475.73592619999545,left,1,0.6505206999718212,,,,,826594791,Marcos,2025-09-20_20h04.34.469,css-task,2022.2.1,59.378156320177844,
,,,,,,,,,,,,,,,,,,,,0,0,0,0,,,,,,,,,,,,,,,,,,,,,,,,,,,,,,,,,,,,,,,,,,,,,,,,,,,,,,,826594791,Marcos,2025-09-20_20h04.34.469,css-task,2022.2.1,59.378156320177844,
,,,,,,,,,,,,,,,,,,,,1,0,1,0,0,0,0,0,,,,826594791,,,,,,,,,,,,,,heterogeneous,color-shape,2,shape,circle,blue,no-switch,left,1,0,,,,476.40202769997995,476.40202769997995,0.0061787000158801675,480.80177510000067,481.1516893999651,481.1516893999651,481.40258809999796,481.40258809999796,481.40258809999796,481.40258809999796,481.40258809999796,481.40258809999796,481.40258809999796,left,1,1.350317600008566,,,,,826594791,Marcos,2025-09-20_20h04.34.469,css-task,2022.2.1,59.378156320177844,
,,,,,,,,,,,,,,,,,,,,1,0,1,0,1,0,1,0,,,,826594791,,,,,,,,,,,,,,heterogeneous,color-shape,2,color,circle,blue,switch,left,1,0,,,,,,,482.7690937999869,483.1184150999761,483.1184150999761,483.36984190001385,483.36984190001385,483.36984190001385,483.36984190001385,483.36984190001385,483.36984190001385,483.36984190001385,left,1,0.6336730000330135,,,,,826594791,Marcos,2025-09-20_20h04.34.469,css-task,2022.2.1,59.378156320177844,
,,,,,,,,,,,,,,,,,,,,1,0,1,0,2,0,2,0,,,,826594791,,,,,,,,,,,,,,heterogeneous,color-shape,2,color,circle,green,no-switch,right,1,0,,,,,,,484.0208335000207,484.3687950000167,484.38511249999283,484.6186694999924,484.6186694999924,484.6186694999924,484.6186694999924,484.6186694999924,484.6186694999924,484.6186694999924,right,1,1.4677246000501327,,,,,826594791,Marcos,2025-09-20_20h04.34.469,css-task,2022.2.1,59.378156320177844,
,,,,,,,,,,,,,,,,,,,,1,0,1,0,3,0,3,0,,,,826594791,,,,,,,,,,,,,,heterogeneous,color-shape,2,shape,triangle,blue,switch,right,0,1,,,,,,,486.1023363000131,486.4517780999886,486.4517780999886,486.7020202999702,486.7020202999702,486.7020202999702,486.7020202999702,486.7020202999702,486.7020202999702,486.7020202999702,right,1,1.1504775999928825,,,,,826594791,Marcos,2025-09-20_20h04.34.469,css-task,2022.2.1,59.378156320177844,
,,,,,,,,,,,,,,,,,,,,1,0,1,0,4,0,4,0,,,,826594791,,,,,,,,,,,,,,heterogeneous,color-shape,2,color,circle,blue,switch,left,1,0,,,,,,,487.8687864000094,488.2182342999731,488.2182342999731,488.4690767999855,488.4690767999855,488.4690767999855,488.4690767999855,488.4690767999855,488.4690767999855,488.4690767999855,left,1,0.7839728000108153,,,,,826594791,Marcos,2025-09-20_20h04.34.469,css-task,2022.2.1,59.378156320177844,
,,,,,,,,,,,,,,,,,,,,1,0,1,0,5,0,5,0,,,,826594791,,,,,,,,,,,,,,heterogeneous,color-shape,2,color,circle,blue,no-switch,left,1,0,,,,,,,489.26863259996753,489.6189897999866,489.6189897999866,489.8689251000178,489.8689251000178,489.8689251000178,489.8689251000178,489.8689251000178,489.8689251000178,489.8689251000178,left,1,0.500560799962841,,,,,826594791,Marcos,2025-09-20_20h04.34.469,css-task,2022.2.1,59.378156320177844,
,,,,,,,,,,,,,,,,,,,,1,0,1,0,6,0,6,0,,,,826594791,,,,,,,,,,,,,,heterogeneous,color-shape,2,color,triangle,green,no-switch,right,0,1,,,,,,,490.384993100015,490.7354422999779,490.7354422999779,490.98520019999705,490.98520019999705,490.98520019999705,490.98520019999705,490.98520019999705,490.98520019999705,490.98520019999705,right,1,0.9012414999888279,,,,,826594791,Marcos,2025-09-20_20h04.34.469,css-task,2022.2.1,59.378156320177844,
,,,,,,,,,,,,,,,,,,,,1,0,1,0,7,0,7,0,,,,826594791,,,,,,,,,,,,,,heterogeneous,color-shape,2,shape,triangle,green,switch,right,0,1,,,,,,,491.90172289998736,492.25160479999613,492.25160479999613,492.501661999966,492.501661999966,492.501661999966,492.501661999966,492.501661999966,492.501661999966,492.501661999966,right,1,0.8013168000034057,,,,,826594791,Marcos,2025-09-20_20h04.34.469,css-task,2022.2.1,59.378156320177844,
,,,,,,,,,,,,,,,,,,,,1,0,1,0,8,0,8,0,,,,826594791,,,,,,,,,,,,,,heterogeneous,color-shape,2,color,circle,green,switch,right,1,0,,,,,,,493.3187467000098,493.6543226999929,493.66978699999163,493.91961049998645,493.91961049998645,493.91961049998645,493.91961049998645,493.91961049998645,493.91961049998645,493.91961049998645,right,1,2.2489088000147603,,,,,826594791,Marcos,2025-09-20_20h04.34.469,css-task,2022.2.1,59.378156320177844,
,,,,,,,,,,,,,,,,,,,,1,0,1,0,9,0,9,0,,,,826594791,,,,,,,,,,,,,,heterogeneous,color-shape,2,shape,triangle,blue,switch,right,0,1,,,,,,,496.1853445000015,496.5345642999746,496.5345642999746,496.78552199999103,496.78552199999103,496.78552199999103,496.78552199999103,496.78552199999103,496.78552199999103,496.78552199999103,right,1,2.050178900011815,,,,,826594791,Marcos,2025-09-20_20h04.34.469,css-task,2022.2.1,59.378156320177844,
,,,,,,,,,,,,,,,,,,,,1,0,1,0,10,0,10,0,,,,826594791,,,,,,,,,,,,,,heterogeneous,color-shape,2,shape,triangle,green,no-switch,right,0,1,,,,,,,498.8514535999857,499.20115829998394,499.20115829998394,499.45174659998156,499.45174659998156,499.45174659998156,499.45174659998156,499.45174659998156,499.45174659998156,499.45174659998156,right,1,2.9515451999614015,,,,,826594791,Marcos,2025-09-20_20h04.34.469,css-task,2022.2.1,59.378156320177844,
,,,,,,,,,,,,,,,,,,,,1,0,1,0,11,0,11,0,,,,826594791,,,,,,,,,,,,,,heterogeneous,color-shape,2,color,triangle,green,switch,right,0,1,,,,,,,502.41821849998087,502.767480599985,502.767480599985,503.0177252999856,503.0177252999856,503.0177252999856,503.0177252999856,503.0177252999856,503.0177252999856,503.0177252999856,right,1,1.3180248999851756,,,,,826594791,Marcos,2025-09-20_20h04.34.469,css-task,2022.2.1,59.378156320177844,
,,,,,,,,,,,,,,,,,,,,1,0,1,0,12,0,12,0,,,,826594791,,,,,,,,,,,,,,heterogeneous,color-shape,2,shape,circle,blue,switch,left,1,0,,,,,,,504.3512224999722,504.7019561000052,504.7019561000052,504.9515102999867,504.9515102999867,504.9515102999867,504.9515102999867,504.9515102999867,504.9515102999867,504.9515102999867,left,1,0.4674063000129536,,,,,826594791,Marcos,2025-09-20_20h04.34.469,css-task,2022.2.1,59.378156320177844,
,,,,,,,,,,,,,,,,,,,,1,0,1,0,13,0,13,0,,,,826594791,,,,,,,,,,,,,,heterogeneous,color-shape,2,shape,triangle,green,no-switch,right,0,1,,,,,,,505.43413000000874,505.78473670000676,505.78473670000676,506.0341231999919,506.0341231999919,506.0341231999919,506.0341231999919,506.0341231999919,506.0341231999919,506.0341231999919,right,1,1.100626999977976,,,,,826594791,Marcos,2025-09-20_20h04.34.469,css-task,2022.2.1,59.378156320177844,
,,,,,,,,,,,,,,,,,,,,1,0,1,0,14,0,14,0,,,,826594791,,,,,,,,,,,,,,heterogeneous,color-shape,2,shape,circle,green,no-switch,left,1,0,,,,,,,507.1510770000168,507.50005209998926,507.50005209998926,507.75089560000924,507.75089560000924,507.75089560000924,507.75089560000924,507.75089560000924,507.75089560000924,507.75089560000924,left,1,1.0001948999706656,,,,,826594791,Marcos,2025-09-20_20h04.34.469,css-task,2022.2.1,59.378156320177844,
,,,,,,,,,,,,,,,,,,,,1,0,1,0,15,0,15,0,,,,826594791,,,,,,,,,,,,,,heterogeneous,color-shape,2,shape,circle,blue,no-switch,left,1,0,,,,,,,508.76706159999594,509.1167771000182,509.1167771000182,509.350839599967,509.350839599967,509.350839599967,509.350839599967,509.350839599967,509.350839599967,509.350839599967,left,1,0.9174495000042953,,,,,826594791,Marcos,2025-09-20_20h04.34.469,css-task,2022.2.1,59.378156320177844,
,,,,,,,,,,,,,,,,,,,,1,0,1,0,16,0,16,0,,,,826594791,,,,,,,,,,,,,,heterogeneous,color-shape,2,shape,circle,green,no-switch,left,1,0,,,,,,,510.2833135999972,510.6342074999702,510.6342074999702,510.88335979997646,510.88335979997646,510.88335979997646,510.88335979997646,510.88335979997646,510.88335979997646,510.88335979997646,left,1,3.251306599995587,,,,,826594791,Marcos,2025-09-20_20h04.34.469,css-task,2022.2.1,59.378156320177844,
,,,,,,,,,,,,,,,,,,,,1,0,1,0,17,0,17,0,,,,826594791,,,,,,,,,,,,,,heterogeneous,color-shape,2,shape,circle,blue,no-switch,left,1,0,,,,,,,514.1502945999964,514.5005867999862,514.5005867999862,514.7504941999796,514.7504941999796,514.7504941999796,514.7504941999796,514.7504941999796,514.7504941999796,514.7504941999796,left,1,0.48456119996262714,,,,,826594791,Marcos,2025-09-20_20h04.34.469,css-task,2022.2.1,59.378156320177844,
,,,,,,,,,,,,,,,,,,,,1,0,1,0,18,0,18,0,,,,826594791,,,,,,,,,,,,,,heterogeneous,color-shape,2,color,triangle,blue,switch,left,0,1,,,,,,,515.2499465000001,515.5996574999881,515.5996574999881,515.8502519999747,515.8502519999747,515.8502519999747,515.8502519999747,515.8502519999747,515.8502519999747,515.8502519999747,left,1,1.58325289998902,,,,,826594791,Marcos,2025-09-20_20h04.34.469,css-task,2022.2.1,59.378156320177844,
,,,,,,,,,,,,,,,,,,,,1,0,1,0,19,0,19,0,,,,826594791,,,,,,,,,,,,,,heterogeneous,color-shape,2,color,circle,blue,no-switch,left,1,0,,,,,,,517.4500378000084,517.7999123000191,517.7999123000191,518.0328446999774,518.0328446999774,518.0328446999774,518.0328446999774,518.0328446999774,518.0328446999774,518.0328446999774,left,1,0.5351686000358313,,,,,826594791,Marcos,2025-09-20_20h04.34.469,css-task,2022.2.1,59.378156320177844,
,,,,,,,,,,,,,,,,,,,,1,0,1,0,20,0,20,0,,,,826594791,,,,,,,,,,,,,,heterogeneous,color-shape,2,shape,triangle,green,switch,right,0,1,,,,,,,518.583046899992,518.9329736999935,518.9329736999935,519.1837686999934,519.1837686999934,519.1837686999934,519.1837686999934,519.1837686999934,519.1837686999934,519.1837686999934,right,1,0.833373700035736,,,,,826594791,Marcos,2025-09-20_20h04.34.469,css-task,2022.2.1,59.378156320177844,
,,,,,,,,,,,,,,,,,,,,1,0,1,0,21,0,21,0,,,,826594791,,,,,,,,,,,,,,heterogeneous,color-shape,2,color,triangle,blue,switch,left,0,1,,,,,,,520.0339555999963,520.3834054999752,520.3834054999752,520.6336250000168,520.6336250000168,520.6336250000168,520.6336250000168,520.6336250000168,520.6336250000168,520.6336250000168,left,1,1.8499522000201978,,,,,826594791,Marcos,2025-09-20_20h04.34.469,css-task,2022.2.1,59.378156320177844,
,,,,,,,,,,,,,,,,,,,,1,0,1,0,22,0,22,0,,,,826594791,,,,,,,,,,,,,,heterogeneous,color-shape,2,shape,triangle,green,switch,right,0,1,,,,,,,522.5001217999961,522.849744600011,522.849744600011,523.100162799994,523.100162799994,523.100162799994,523.100162799994,523.100162799994,523.100162799994,523.100162799994,right,1,0.9340541999554262,,,,,826594791,Marcos,2025-09-20_20h04.34.469,css-task,2022.2.1,59.378156320177844,
,,,,,,,,,,,,,,,,,,,,1,0,1,0,23,0,23,0,,,,826594791,,,,,,,,,,,,,,heterogeneous,color-shape,2,color,triangle,green,switch,right,0,1,,,,,,,524.0496975000133,524.398997500015,524.398997500015,524.6497757000034,524.6497757000034,524.6497757000034,524.6497757000034,524.6497757000034,524.6497757000034,524.6497757000034,right,1,2.6502309000352398,,,,,826594791,Marcos,2025-09-20_20h04.34.469,css-task,2022.2.1,59.378156320177844,
,,,,,,,,,,,,,,,,,,,,1,0,1,0,24,0,24,0,,,,826594791,,,,,,,,,,,,,,heterogeneous,color-shape,2,color,triangle,green,no-switch,right,0,1,,,,,,,527.3169098999933,527.6500145000173,527.6656238000141,527.9169735999894,527.9169735999894,527.9169735999894,527.9169735999894,527.9169735999894,527.9169735999894,527.9169735999894,right,1,1.267030999995768,,,,,826594791,Marcos,2025-09-20_20h04.34.469,css-task,2022.2.1,59.378156320177844,
,,,,,,,,,,,,,,,,,,,,1,0,1,0,25,0,25,0,,,,826594791,,,,,,,,,,,,,,heterogeneous,color-shape,2,shape,circle,green,switch,left,1,0,,,,,,,529.1994761999813,529.5496767999721,529.5496767999721,529.7998400999932,529.7998400999932,529.7998400999932,529.7998400999932,529.7998400999932,529.7998400999932,529.7998400999932,left,1,0.8679315999615937,,,,,826594791,Marcos,2025-09-20_20h04.34.469,css-task,2022.2.1,59.378156320177844,
,,,,,,,,,,,,,,,,,,,,1,0,1,0,26,0,26,0,,,,826594791,,,,,,,,,,,,,,heterogeneous,color-shape,2,color,circle,green,switch,right,1,0,,,,,,,530.6834719000035,531.0332610000041,531.0332610000041,531.2840222999803,531.2840222999803,531.2840222999803,531.2840222999803,531.2840222999803,531.2840222999803,531.2840222999803,left,0,0.5335380000178702,,,,,826594791,Marcos,2025-09-20_20h04.34.469,css-task,2022.2.1,59.378156320177844,
,,,,,,,,,,,,,,,,,,,,1,0,1,0,27,0,27,0,,,,826594791,,,,,,,,,,,,,,heterogeneous,color-shape,2,shape,triangle,green,switch,right,0,1,,,,,,,531.8325624999707,532.182721899997,532.182721899997,532.4321367999655,532.4321367999655,532.4321367999655,532.4321367999655,532.4321367999655,532.4321367999655,532.4321367999655,right,1,0.8183715000050142,,,,,826594791,Marcos,2025-09-20_20h04.34.469,css-task,2022.2.1,59.378156320177844,
,,,,,,,,,,,,,,,,,,,,1,0,1,0,28,0,28,0,,,,826594791,,,,,,,,,,,,,,heterogeneous,color-shape,2,shape,triangle,green,no-switch,right,0,1,,,,,,,533.2657962999656,533.6156507999985,533.6156507999985,533.8663471000036,533.8663471000036,533.8663471000036,533.8663471000036,533.8663471000036,533.8663471000036,533.8663471000036,right,1,0.651615499984473,,,,,826594791,Marcos,2025-09-20_20h04.34.469,css-task,2022.2.1,59.378156320177844,
,,,,,,,,,,,,,,,,,,,,1,0,1,0,29,0,29,0,,,,826594791,,,,,,,,,,,,,,heterogeneous,color-shape,2,shape,triangle,green,no-switch,right,0,1,,,,,,,534.533465799992,534.8826107999776,534.8826107999776,535.1327613000176,535.1327613000176,535.1327613000176,535.1327613000176,535.1327613000176,535.1327613000176,535.1327613000176,right,1,0.5003917000140063,,,,,826594791,Marcos,2025-09-20_20h04.34.469,css-task,2022.2.1,59.378156320177844,
,,,,,,,,,,,,,,,,,,,,1,0,1,0,30,0,30,0,,,,826594791,,,,,,,,,,,,,,heterogeneous,color-shape,2,shape,triangle,blue,no-switch,right,0,1,,,,,,,535.6489675000194,535.9990890999907,535.9990890999907,536.2497293999768,536.2497293999768,536.2497293999768,536.2497293999768,536.2497293999768,536.2497293999768,536.2497293999768,right,1,2.0014714999706484,,,,,826594791,Marcos,2025-09-20_20h04.34.469,css-task,2022.2.1,59.378156320177844,
,,,,,,,,,,,,,,,,,,,,1,0,1,0,31,0,31,0,,,,826594791,,,,,,,,,,,,,,heterogeneous,color-shape,2,color,circle,green,switch,right,1,0,,,,,,,538.2655479999958,538.6160217999713,538.6160217999713,538.8652326000156,538.8652326000156,538.8652326000156,538.8652326000156,538.8652326000156,538.8652326000156,538.8652326000156,right,1,1.4178240000037476,,,,,826594791,Marcos,2025-09-20_20h04.34.469,css-task,2022.2.1,59.378156320177844,
,,,,,,,,,,,,,,,,,,,,1,0,1,0,32,0,32,0,,,,826594791,,,,,,,,,,,,,,heterogeneous,color-shape,2,shape,triangle,blue,switch,right,0,1,,,,,,,540.2989469000022,540.6491872000042,540.6491872000042,540.899549899972,540.899549899972,540.899549899972,540.899549899972,540.899549899972,540.899549899972,540.899549899972,right,1,1.500579799991101,,,,,826594791,Marcos,2025-09-20_20h04.34.469,css-task,2022.2.1,59.378156320177844,
,,,,,,,,,,,,,,,,,,,,1,0,1,0,33,0,33,0,,,,826594791,,,,,,,,,,,,,,heterogeneous,color-shape,2,shape,triangle,blue,no-switch,right,0,1,,,,,,,542.4154790000175,542.7659337999648,542.7659337999648,543.0152443000115,543.0152443000115,543.0152443000115,543.0152443000115,543.0152443000115,543.0152443000115,543.0152443000115,right,1,0.9021797999739647,,,,,826594791,Marcos,2025-09-20_20h04.34.469,css-task,2022.2.1,59.378156320177844,
,,,,,,,,,,,,,,,,,,,,1,0,1,0,34,0,34,0,,,,826594791,,,,,,,,,,,,,,heterogeneous,color-shape,2,color,circle,blue,switch,left,1,0,,,,,,,543.9326776000089,544.2820553000201,544.2820553000201,544.5313427000074,544.5313427000074,544.5313427000074,544.5313427000074,544.5313427000074,544.5313427000074,544.5313427000074,left,1,0.5022325000027195,,,,,826594791,Marcos,2025-09-20_20h04.34.469,css-task,2022.2.1,59.378156320177844,
,,,,,,,,,,,,,,,,,,,,1,0,1,0,35,0,35,0,,,,826594791,,,,,,,,,,,,,,heterogeneous,color-shape,2,color,triangle,blue,no-switch,left,0,1,,,,,,,545.0486346000107,545.3989151999704,545.3989151999704,545.6488313999726,545.6488313999726,545.6488313999726,545.6488313999726,545.6488313999726,545.6488313999726,545.6488313999726,left,1,1.3006386999622919,,,,,826594791,Marcos,2025-09-20_20h04.34.469,css-task,2022.2.1,59.378156320177844,
,,,,,,,,,,,,,,,,,,,,1,0,1,0,36,0,36,0,,,,826594791,,,,,,,,,,,,,,heterogeneous,color-shape,2,shape,triangle,green,switch,right,0,1,,,,,,,546.9655269000214,547.3153134000022,547.3153134000022,547.5484170999844,547.5484170999844,547.5484170999844,547.5484170999844,547.5484170999844,547.5484170999844,547.5484170999844,right,1,1.3344136999803595,,,,,826594791,Marcos,2025-09-20_20h04.34.469,css-task,2022.2.1,59.378156320177844,
,,,,,,,,,,,,,,,,,,,,1,0,1,0,37,0,37,0,,,,826594791,,,,,,,,,,,,,,heterogeneous,color-shape,2,color,circle,blue,switch,left,1,0,,,,,,,548.8989446000196,549.2478979000007,549.2478979000007,549.4987017000094,549.4987017000094,549.4987017000094,549.4987017000094,549.4987017000094,549.4987017000094,549.4987017000094,left,1,0.5501729000243358,,,,,826594791,Marcos,2025-09-20_20h04.34.469,css-task,2022.2.1,59.378156320177844,
,,,,,,,,,,,,,,,,,,,,1,0,1,0,38,0,38,0,,,,826594791,,,,,,,,,,,,,,heterogeneous,color-shape,2,color,triangle,blue,no-switch,left,0,1,,,,,,,550.0655893000076,550.4156520999968,550.4156520999968,550.6645482999738,550.6645482999738,550.6645482999738,550.6645482999738,550.6645482999738,550.6645482999738,550.6645482999738,left,1,0.8515210999757983,,,,,826594791,Marcos,2025-09-20_20h04.34.469,css-task,2022.2.1,59.378156320177844,
,,,,,,,,,,,,,,,,,,,,1,0,1,0,39,0,39,0,,,,826594791,,,,,,,,,,,,,,heterogeneous,color-shape,2,shape,triangle,green,switch,right,0,1,,,,,,,551.5320326000219,551.8820427000173,551.8820427000173,552.1319286000216,552.1319286000216,552.1319286000216,552.1319286000216,552.1319286000216,552.1319286000216,552.1319286000216,right,1,0.8506137999938801,,,,,826594791,Marcos,2025-09-20_20h04.34.469,css-task,2022.2.1,59.378156320177844,
,,,,,,,,,,,,,,,,,,,,1,0,1,0,40,0,40,0,,,,826594791,,,,,,,,,,,,,,heterogeneous,color-shape,2,color,circle,blue,switch,left,1,0,,,,,,,552.9983887000126,553.3488717,553.3488717,553.5989352000179,553.5989352000179,553.5989352000179,553.5989352000179,553.5989352000179,553.5989352000179,553.5989352000179,left,1,0.5498951000045054,,,,,826594791,Marcos,2025-09-20_20h04.34.469,css-task,2022.2.1,59.378156320177844,
,,,,,,,,,,,,,,,,,,,,1,0,1,0,41,0,41,0,,,,826594791,,,,,,,,,,,,,,heterogeneous,color-shape,2,color,circle,green,no-switch,right,1,0,,,,,,,554.1652357999701,554.5146295999875,554.5146295999875,554.7647054999834,554.7647054999834,554.7647054999834,554.7647054999834,554.7647054999834,554.7647054999834,554.7647054999834,right,1,1.184345800022129,,,,,826594791,Marcos,2025-09-20_20h04.34.469,css-task,2022.2.1,59.378156320177844,
,,,,,,,,,,,,,,,,,,,,1,0,1,0,42,0,42,0,,,,826594791,,,,,,,,,,,,,,heterogeneous,color-shape,2,shape,circle,green,switch,left,1,0,,,,,,,555.965582099976,556.315182499995,556.315182499995,556.548128399998,556.548128399998,556.548128399998,556.548128399998,556.548128399998,556.548128399998,556.548128399998,left,1,1.3171274999622256,,,,,826594791,Marcos,2025-09-20_20h04.34.469,css-task,2022.2.1,59.378156320177844,
,,,,,,,,,,,,,,,,,,,,1,0,1,0,43,0,43,0,,,,826594791,,,,,,,,,,,,,,heterogeneous,color-shape,2,shape,triangle,green,no-switch,right,0,1,,,,,,,557.8816943999846,558.2318313000142,558.2318313000142,558.4822100999882,558.4822100999882,558.4822100999882,558.4822100999882,558.4822100999882,558.4822100999882,558.4822100999882,right,1,0.5666171999764629,,,,,826594791,Marcos,2025-09-20_20h04.34.469,css-task,2022.2.1,59.378156320177844,
,,,,,,,,,,,,,,,,,,,,1,0,1,0,44,0,44,0,,,,826594791,,,,,,,,,,,,,,heterogeneous,color-shape,2,shape,circle,blue,no-switch,left,1,0,,,,,,,559.0647422000184,559.4151684999815,559.4151684999815,559.6652016000007,559.6652016000007,559.6652016000007,559.6652016000007,559.6652016000007,559.6652016000007,559.6652016000007,left,1,0.48461790004512295,,,,,826594791,Marcos,2025-09-20_20h04.34.469,css-task,2022.2.1,59.378156320177844,
,,,,,,,,,,,,,,,,,,,,1,0,1,0,45,0,45,0,,,,826594791,,,,,,,,,,,,,,heterogeneous,color-shape,2,shape,triangle,blue,no-switch,right,0,1,,,,,,,560.1646110999864,560.5159115999704,560.5159115999704,560.7641520000179,560.7641520000179,560.7641520000179,560.7641520000179,560.7641520000179,560.7641520000179,560.7641520000179,right,1,1.500913500029128,,,,,826594791,Marcos,2025-09-20_20h04.34.469,css-task,2022.2.1,59.378156320177844,
,,,,,,,,,,,,,,,,,,,,1,0,1,0,46,0,46,0,,,,826594791,,,,,,,,,,,,,,heterogeneous,color-shape,2,color,triangle,green,switch,right,0,1,,,,,,,562.2814939999953,562.6305401999853,562.6305401999853,562.8817970000091,562.8817970000091,562.8817970000091,562.8817970000091,562.8817970000091,562.8817970000091,562.8817970000091,right,1,0.9494800000102259,,,,,826594791,Marcos,2025-09-20_20h04.34.469,css-task,2022.2.1,59.378156320177844,
,,,,,,,,,,,,,,,,,,,,1,0,1,0,47,0,47,0,,,,826594791,,,,,,,,,,,,,,heterogeneous,color-shape,2,shape,circle,green,switch,left,1,0,,,,,,,563.8481502999784,564.1801382999984,564.2148706999724,564.4481170999934,564.4481170999934,564.4481170999934,564.4481170999934,564.4481170999934,564.4481170999934,564.4481170999934,left,1,1.1352414000430144,,,,,826594791,Marcos,2025-09-20_20h04.34.469,css-task,2022.2.1,59.378156320177844,
,,,,,,,,,,,,,,,,,,,,1,0,1,0,48,0,48,0,,,,826594791,,,,,,,,,,,,,,heterogeneous,color-shape,2,shape,triangle,blue,no-switch,right,0,1,,,,,,,565.597738099983,565.947699500015,565.947699500015,566.1976131999982,566.1976131999982,566.1976131999982,566.1976131999982,566.1976131999982,566.1976131999982,566.1976131999982,right,1,2.918165399983991,,,,,826594791,Marcos,2025-09-20_20h04.34.469,css-task,2022.2.1,59.378156320177844,
,,,,,,,,,,,,,,,,,,,,1,0,1,0,49,0,49,0,,,,826594791,,,,,,,,,,,,,,heterogeneous,color-shape,2,color,circle,green,switch,right,1,0,,,,,,,569.1307641000021,569.4814014000003,569.4814014000003,569.7307870999794,569.7307870999794,569.7307870999794,569.7307870999794,569.7307870999794,569.7307870999794,569.7307870999794,right,1,1.9178384999977425,,,,,826594791,Marcos,2025-09-20_20h04.34.469,css-task,2022.2.1,59.378156320177844,
,,,,,,,,,,,,,,,,,,,,1,0,1,0,50,0,50,0,,,,826594791,,,,,,,,,,,,,,heterogeneous,color-shape,2,color,circle,blue,no-switch,left,1,0,,,,,,,571.663846099982,572.0142062999657,572.0142062999657,572.2643008999876,572.2643008999876,572.2643008999876,572.2643008999876,572.2643008999876,572.2643008999876,572.2643008999876,left,1,0.5009227999835275,,,,,826594791,Marcos,2025-09-20_20h04.34.469,css-task,2022.2.1,59.378156320177844,
,,,,,,,,,,,,,,,,,,,,1,0,1,0,51,0,51,0,,,,826594791,,,,,,,,,,,,,,heterogeneous,color-shape,2,color,circle,green,no-switch,right,1,0,,,,,,,572.7807039999752,573.1309839999885,573.1309839999885,573.3805038999999,573.3805038999999,573.3805038999999,573.3805038999999,573.3805038999999,573.3805038999999,573.3805038999999,right,1,0.8672291999682784,,,,,826594791,Marcos,2025-09-20_20h04.34.469,css-task,2022.2.1,59.378156320177844,
,,,,,,,,,,,,,,,,,,,,1,0,1,0,52,0,52,0,,,,826594791,,,,,,,,,,,,,,heterogeneous,color-shape,2,color,circle,blue,no-switch,left,1,0,,,,,,,574.2646041999687,574.6137054999708,574.6137054999708,574.8650390999974,574.8650390999974,574.8650390999974,574.8650390999974,574.8650390999974,574.8650390999974,574.8650390999974,left,1,0.6833604999701492,,,,,826594791,Marcos,2025-09-20_20h04.34.469,css-task,2022.2.1,59.378156320177844,
,,,,,,,,,,,,,,,,,,,,1,0,1,0,53,0,53,0,,,,826594791,,,,,,,,,,,,,,heterogeneous,color-shape,2,shape,circle,blue,switch,left,1,0,,,,,,,575.5645816000178,575.9138221999747,575.9138221999747,576.1637697999831,576.1637697999831,576.1637697999831,576.1637697999831,576.1637697999831,576.1637697999831,576.1637697999831,left,1,1.8841546999756247,,,,,826594791,Marcos,2025-09-20_20h04.34.469,css-task,2022.2.1,59.378156320177844,
,,,,,,,,,,,,,,,,,,,,1,0,1,0,54,0,54,0,,,,826594791,,,,,,,,,,,,,,heterogeneous,color-shape,2,color,circle,green,switch,right,1,0,,,,,,,578.0641381000169,578.4146166999708,578.4146166999708,578.6643783000181,578.6643783000181,578.6643783000181,578.6643783000181,578.6643783000181,578.6643783000181,578.6643783000181,right,1,3.7828818000270985,,,,,826594791,Marcos,2025-09-20_20h04.34.469,css-task,2022.2.1,59.378156320177844,
,,,,,,,,,,,,,,,,,,,,1,0,1,0,55,0,55,0,,,,826594791,,,,,,,,,,,,,,heterogeneous,color-shape,2,color,triangle,blue,no-switch,left,0,1,,,,,,,582.4640299999737,582.8142032999895,582.8142032999895,583.0639527000021,583.0639527000021,583.0639527000021,583.0639527000021,583.0639527000021,583.0639527000021,583.0639527000021,left,1,2.1169041999964975,,,,,826594791,Marcos,2025-09-20_20h04.34.469,css-task,2022.2.1,59.378156320177844,
,,,,,,,,,,,,,,,,,,,,1,0,1,0,56,0,56,0,,,,826594791,,,,,,,,,,,,,,heterogeneous,color-shape,2,color,triangle,blue,no-switch,left,0,1,,,,,,,585.1969836999779,585.5466305000009,585.5466305000009,585.7967376000015,585.7967376000015,585.7967376000015,585.7967376000015,585.7967376000015,585.7967376000015,585.7967376000015,left,1,0.8337870999821462,,,,,826594791,Marcos,2025-09-20_20h04.34.469,css-task,2022.2.1,59.378156320177844,
,,,,,,,,,,,,,,,,,,,,1,0,1,0,57,0,57,0,,,,826594791,,,,,,,,,,,,,,heterogeneous,color-shape,2,shape,triangle,green,switch,right,0,1,,,,,,,586.6464622999774,586.9968444000115,586.9968444000115,587.2305189999752,587.2305189999752,587.2305189999752,587.2305189999752,587.2305189999752,587.2305189999752,587.2305189999752,right,1,3.7001825000043027,,,,,826594791,Marcos,2025-09-20_20h04.34.469,css-task,2022.2.1,59.378156320177844,
,,,,,,,,,,,,,,,,,,,,1,0,1,0,58,0,58,0,,,,826594791,,,,,,,,,,,,,,heterogeneous,color-shape,2,shape,circle,green,no-switch,left,1,0,,,,,,,590.947050000017,591.2963640000089,591.2963640000089,591.5461911999737,591.5461911999737,591.5461911999737,591.5461911999737,591.5461911999737,591.5461911999737,591.5461911999737,left,1,1.3506399000179954,,,,,826594791,Marcos,2025-09-20_20h04.34.469,css-task,2022.2.1,59.378156320177844,
,,,,,,,,,,,,,,,,,,,,1,0,1,0,59,0,59,0,,,,826594791,,,,,,,,,,,,,,heterogeneous,color-shape,2,shape,triangle,green,no-switch,right,0,1,,,,,,,592.9138069999753,593.2631045000162,593.2631045000162,593.5131312999874,593.5131312999874,593.5131312999874,593.5131312999874,593.5131312999874,593.5131312999874,593.5131312999874,right,1,0.8006289000040852,,,,,826594791,Marcos,2025-09-20_20h04.34.469,css-task,2022.2.1,59.378156320177844,
,,,,,,,,,,,,,,,,,,,,1,0,1,0,60,0,60,0,,,,826594791,,,,,,,,,,,,,,heterogeneous,color-shape,2,color,circle,green,switch,right,1,0,,,,,,,594.329358500021,594.6790547000128,594.6790547000128,594.9299229999888,594.9299229999888,594.9299229999888,594.9299229999888,594.9299229999888,594.9299229999888,594.9299229999888,right,1,2.1000620999839157,,,,,826594791,Marcos,2025-09-20_20h04.34.469,css-task,2022.2.1,59.378156320177844,
,,,,,,,,,,,,,,,,,,,,1,0,1,0,61,0,61,0,,,,826594791,,,,,,,,,,,,,,heterogeneous,color-shape,2,shape,triangle,green,switch,right,0,1,,,,,,,597.0467690000078,597.3963421999943,597.3963421999943,597.6461458000122,597.6461458000122,597.6461458000122,597.6461458000122,597.6461458000122,597.6461458000122,597.6461458000122,right,1,1.3013986999867484,,,,,826594791,Marcos,2025-09-20_20h04.34.469,css-task,2022.2.1,59.378156320177844,
,,,,,,,,,,,,,,,,,,,,1,0,1,0,62,0,62,0,,,,826594791,,,,,,,,,,,,,,heterogeneous,color-shape,2,shape,triangle,green,no-switch,right,0,1,,,,,,,598.9628554999945,599.3130685000215,599.3130685000215,599.5625238000066,599.5625238000066,599.5625238000066,599.5625238000066,599.5625238000066,599.5625238000066,599.5625238000066,right,1,0.3848758999956772,,,,,826594791,Marcos,2025-09-20_20h04.34.469,css-task,2022.2.1,59.378156320177844,
,,,,,,,,,,,,,,,,,,,,1,0,1,0,63,0,63,0,,,,826594791,,,,,,,,,,,,,,heterogeneous,color-shape,2,color,circle,blue,switch,left,1,0,,,,,,,599.9624242999707,600.312848099973,600.312848099973,600.5631438000128,600.5631438000128,600.5631438000128,600.5631438000128,600.5631438000128,600.5631438000128,600.5631438000128,left,1,0.3839907000074163,,,,,826594791,Marcos,2025-09-20_20h04.34.469,css-task,2022.2.1,59.378156320177844,
,,,,,,,,,,,,,,,,,,,,1,0,1,0,64,0,64,0,,,,826594791,,,,,,,,,,,,,,heterogeneous,color-shape,2,color,circle,blue,no-switch,left,1,0,,,,,,,600.962820500019,601.3128391000209,601.3128391000209,601.562422899995,601.562422899995,601.562422899995,601.562422899995,601.562422899995,601.562422899995,601.562422899995,left,1,0.3350446000113152,,,,,826594791,Marcos,2025-09-20_20h04.34.469,css-task,2022.2.1,59.378156320177844,
,,,,,,,,,,,,,,,,,,,,1,0,1,0,65,0,65,0,,,,826594791,,,,,,,,,,,,,,heterogeneous,color-shape,2,shape,circle,green,switch,left,1,0,,,,,,,601.9131408999674,602.2623983999947,602.2792679999839,602.5126016999711,602.5126016999711,602.5126016999711,602.5126016999711,602.5126016999711,602.5126016999711,602.5126016999711,right,0,1.151135299995076,,,,,826594791,Marcos,2025-09-20_20h04.34.469,css-task,2022.2.1,59.378156320177844,
,,,,,,,,,,,,,,,,,,,,1,0,1,0,66,0,66,0,,,,826594791,,,,,,,,,,,,,,heterogeneous,color-shape,2,shape,circle,blue,no-switch,left,1,0,,,,,,,603.6794152999646,604.0294991999981,604.0294991999981,604.2795691000065,604.2795691000065,604.2795691000065,604.2795691000065,604.2795691000065,604.2795691000065,604.2795691000065,left,1,1.200405600015074,,,,,826594791,Marcos,2025-09-20_20h04.34.469,css-task,2022.2.1,59.378156320177844,
,,,,,,,,,,,,,,,,,,,,1,0,1,0,67,0,67,0,,,,826594791,,,,,,,,,,,,,,heterogeneous,color-shape,2,shape,triangle,green,no-switch,right,0,1,,,,,,,605.4962672999827,605.8452753999736,605.8452753999736,606.0961057000095,606.0961057000095,606.0961057000095,606.0961057000095,606.0961057000095,606.0961057000095,606.0961057000095,right,1,1.3178785999771208,,,,,826594791,Marcos,2025-09-20_20h04.34.469,css-task,2022.2.1,59.378156320177844,
,,,,,,,,,,,,,,,,,,,,1,0,1,0,68,0,68,0,,,,826594791,,,,,,,,,,,,,,heterogeneous,color-shape,2,color,triangle,blue,switch,left,0,1,,,,,,,607.4295233999728,607.7795637999661,607.7795637999661,608.0291266000131,608.0291266000131,608.0291266000131,608.0291266000131,608.0291266000131,608.0291266000131,608.0291266000131,left,1,1.4678984000347555,,,,,826594791,Marcos,2025-09-20_20h04.34.469,css-task,2022.2.1,59.378156320177844,
,,,,,,,,,,,,,,,,,,,,1,0,1,0,69,0,69,0,,,,826594791,,,,,,,,,,,,,,heterogeneous,color-shape,2,color,circle,blue,no-switch,left,1,0,,,,,,,609.5123786000186,609.8630440999987,609.8630440999987,610.1121162999771,610.1121162999771,610.1121162999771,610.1121162999771,610.1121162999771,610.1121162999771,610.1121162999771,left,1,0.6175019000074826,,,,,826594791,Marcos,2025-09-20_20h04.34.469,css-task,2022.2.1,59.378156320177844,
,,,,,,,,,,,,,,,,,,,,1,0,1,0,70,0,70,0,,,,826594791,,,,,,,,,,,,,,heterogeneous,color-shape,2,shape,circle,green,switch,left,1,0,,,,,,,610.7458748000208,611.095785100013,611.095785100013,611.3452240999904,611.3452240999904,611.3452240999904,611.3452240999904,611.3452240999904,611.3452240999904,611.3452240999904,left,1,1.9008774000103585,,,,,826594791,Marcos,2025-09-20_20h04.34.469,css-task,2022.2.1,59.378156320177844,
,,,,,,,,,,,,,,,,,,,,1,0,1,0,71,0,71,0,,,,826594791,,,,,,,,,,,,,,heterogeneous,color-shape,2,color,circle,blue,switch,left,1,0,,,,,,,613.2618439000216,613.6117020999664,613.6117020999664,613.862245199969,613.862245199969,613.862245199969,613.862245199969,613.862245199969,613.862245199969,613.862245199969,left,1,1.250235999992583,,,,,826594791,Marcos,2025-09-20_20h04.34.469,css-task,2022.2.1,59.378156320177844,
,,,,,,,,,,,,,,,,,,,,1,0,1,0,72,0,72,0,,,,826594791,,,,,,,,,,,,,,heterogeneous,color-shape,2,shape,triangle,blue,switch,right,0,1,,,,,,,615.1289245999651,615.478228299995,615.478228299995,615.7290186000173,615.7290186000173,615.7290186000173,615.7290186000173,615.7290186000173,615.7290186000173,615.7290186000173,right,1,2.8500109000015073,,,,,826594791,Marcos,2025-09-20_20h04.34.469,css-task,2022.2.1,59.378156320177844,
,,,,,,,,,,,,,,,,,,,,1,0,1,0,73,0,73,0,,,,826594791,,,,,,,,,,,,,,heterogeneous,color-shape,2,shape,triangle,blue,no-switch,right,0,1,,,,,,,618.5956939000171,618.9454506000038,618.9454506000038,619.1782379000215,619.1782379000215,619.1782379000215,619.1782379000215,619.1782379000215,619.1782379000215,619.1782379000215,right,1,2.9347092999960296,,,,,826594791,Marcos,2025-09-20_20h04.34.469,css-task,2022.2.1,59.378156320177844,
,,,,,,,,,,,,,,,,,,,,1,0,1,0,74,0,74,0,,,,826594791,,,,,,,,,,,,,,heterogeneous,color-shape,2,shape,circle,green,no-switch,left,1,0,,,,,,,622.1281451999675,622.4789547999972,622.4789547999972,622.728382900008,622.728382900008,622.728382900008,622.728382900008,622.728382900008,622.728382900008,622.728382900008,left,1,1.9009018000215292,,,,,826594791,Marcos,2025-09-20_20h04.34.469,css-task,2022.2.1,59.378156320177844,
,,,,,,,,,,,,,,,,,,,,1,0,1,0,75,0,75,0,,,,826594791,,,,,,,,,,,,,,heterogeneous,color-shape,2,shape,circle,blue,no-switch,left,1,0,,,,,,,624.6455849999911,624.9951233000029,624.9951233000029,625.2449297999847,625.2449297999847,625.2449297999847,625.2449297999847,625.2449297999847,625.2449297999847,625.2449297999847,left,1,0.8011142999748699,,,,,826594791,Marcos,2025-09-20_20h04.34.469,css-task,2022.2.1,59.378156320177844,
,,,,,,,,,,,,,,,,,,,,1,0,1,0,76,0,76,0,,,,826594791,,,,,,,,,,,,,,heterogeneous,color-shape,2,shape,circle,blue,no-switch,left,1,0,,,,,,,626.0614020000212,626.4119629000197,626.4119629000197,626.662067199999,626.662067199999,626.662067199999,626.662067199999,626.662067199999,626.662067199999,626.662067199999,left,1,0.683646299992688,,,,,826594791,Marcos,2025-09-20_20h04.34.469,css-task,2022.2.1,59.378156320177844,
,,,,,,,,,,,,,,,,,,,,1,0,1,0,77,0,77,0,,,,826594791,,,,,,,,,,,,,,heterogeneous,color-shape,2,color,triangle,green,switch,right,0,1,,,,,,,627.3613655000227,627.711581600015,627.711581600015,627.9615258999984,627.9615258999984,627.9615258999984,627.9615258999984,627.9615258999984,627.9615258999984,627.9615258999984,right,1,0.8169918999774382,,,,,826594791,Marcos,2025-09-20_20h04.34.469,css-task,2022.2.1,59.378156320177844,
,,,,,,,,,,,,,,,,,,,,1,0,1,0,78,0,78,0,,,,826594791,,,,,,,,,,,,,,heterogeneous,color-shape,2,color,triangle,blue,no-switch,left,0,1,,,,,,,628.7946857999777,629.144911099982,629.144911099982,629.3950262999861,629.3950262999861,629.3950262999861,629.3950262999861,629.3950262999861,629.3950262999861,629.3950262999861,left,1,1.30060090002371,,,,,826594791,Marcos,2025-09-20_20h04.34.469,css-task,2022.2.1,59.378156320177844,
,,,,,,,,,,,,,,,,,,,,1,0,1,0,79,0,79,0,,,,826594791,,,,,,,,,,,,,,heterogeneous,color-shape,2,shape,circle,green,switch,left,1,0,,,,,,,630.7116561000003,631.0609010999906,631.0609010999906,631.3122844999889,631.3122844999889,631.3122844999889,631.3122844999889,631.3122844999889,631.3122844999889,631.3122844999889,left,1,0.782299900020007,,,,,826594791,Marcos,2025-09-20_20h04.34.469,css-task,2022.2.1,59.378156320177844,
,,,,,,,,,,,,,,,,,,,,1,0,1,0,80,0,80,0,,,,826594791,,,,,,,,,,,,,,heterogeneous,color-shape,2,shape,circle,blue,no-switch,left,1,0,,,,,,,632.1115123999771,632.4445556999999,632.4609481999651,632.6940116999904,632.6940116999904,632.6940116999904,632.6940116999904,632.6940116999904,632.6940116999904,632.6940116999904,left,1,0.58496979996562,,,,,826594791,Marcos,2025-09-20_20h04.34.469,css-task,2022.2.1,59.378156320177844,
,,,,,,,,,,,,,,,,,,,,1,0,1,0,81,0,81,0,,,,826594791,,,,,,,,,,,,,,heterogeneous,color-shape,2,color,triangle,blue,switch,left,0,1,,,,,,,633.2944958999869,633.6449581999914,633.6449581999914,633.8947141999961,633.8947141999961,633.8947141999961,633.8947141999961,633.8947141999961,633.8947141999961,633.8947141999961,right,0,1.1006625999580137,,,,,826594791,Marcos,2025-09-20_20h04.34.469,css-task,2022.2.1,59.378156320177844,
,,,,,,,,,,,,,,,,,,,,1,0,1,0,82,0,82,0,,,,826594791,,,,,,,,,,,,,,heterogeneous,color-shape,2,color,triangle,blue,no-switch,left,0,1,,,,,,,635.0113962999894,635.3608426999999,635.3608426999999,635.6114179000142,635.6114179000142,635.6114179000142,635.6114179000142,635.6114179000142,635.6114179000142,635.6114179000142,left,1,1.5004058000049554,,,,,826594791,Marcos,2025-09-20_20h04.34.469,css-task,2022.2.1,59.378156320177844,
,,,,,,,,,,,,,,,,,,,,1,0,1,0,83,0,83,0,,,,826594791,,,,,,,,,,,,,,heterogeneous,color-shape,2,color,circle,green,no-switch,right,1,0,,,,,,,637.1277808999876,637.4772146000178,637.4772146000178,637.7282733999891,637.7282733999891,637.7282733999891,637.7282733999891,637.7282733999891,637.7282733999891,637.7282733999891,right,1,3.6168593000038527,,,,,826594791,Marcos,2025-09-20_20h04.34.469,css-task,2022.2.1,59.378156320177844,
,,,,,,,,,,,,,,,,,,,,1,0,1,0,84,0,84,0,,,,826594791,,,,,,,,,,,,,,heterogeneous,color-shape,2,color,triangle,blue,no-switch,left,0,1,,,,,,,641.3612434999668,641.7111045999918,641.7111045999918,641.9606813999708,641.9606813999708,641.9606813999708,641.9606813999708,641.9606813999708,641.9606813999708,641.9606813999708,left,1,2.3173054000362754,,,,,826594791,Marcos,2025-09-20_20h04.34.469,css-task,2022.2.1,59.378156320177844,
,,,,,,,,,,,,,,,,,,,,1,0,1,0,85,0,85,0,,,,826594791,,,,,,,,,,,,,,heterogeneous,color-shape,2,shape,circle,green,switch,left,1,0,,,,,,,644.2945666000014,644.6277940999717,644.6443213999737,644.8959840000025,644.8959840000025,644.8959840000025,644.8959840000025,644.8959840000025,644.8959840000025,644.8959840000025,left,1,2.565395299985539,,,,,826594791,Marcos,2025-09-20_20h04.34.469,css-task,2022.2.1,59.378156320177844,
,,,,,,,,,,,,,,,,,,,,1,0,1,0,86,0,86,0,,,,826594791,,,,,,,,,,,,,,heterogeneous,color-shape,2,color,triangle,blue,switch,left,0,1,,,,,,,647.4768926000106,647.8270739999716,647.8270739999716,648.0962534999708,648.0962534999708,648.0962534999708,648.0962534999708,648.0962534999708,648.0962534999708,648.0962534999708,left,1,3.383977200021036,,,,,826594791,Marcos,2025-09-20_20h04.34.469,css-task,2022.2.1,59.378156320177844,
,,,,,,,,,,,,,,,,,,,,1,0,1,0,87,0,87,0,,,,826594791,,,,,,,,,,,,,,heterogeneous,color-shape,2,shape,circle,blue,switch,left,1,0,,,,,,,651.5092892000102,651.8463981999666,651.8622649000026,652.0956517999875,652.0956517999875,652.0956517999875,652.0956517999875,652.0956517999875,652.0956517999875,652.0956517999875,left,1,0.7997493000002578,,,,,826594791,Marcos,2025-09-20_20h04.34.469,css-task,2022.2.1,59.378156320177844,
,,,,,,,,,,,,,,,,,,,,1,0,1,0,88,0,88,0,,,,826594791,,,,,,,,,,,,,,heterogeneous,color-shape,2,shape,triangle,green,no-switch,right,0,1,,,,,,,652.9103140999796,653.2606183000025,653.2606183000025,653.5103913000203,653.5103913000203,653.5103913000203,653.5103913000203,653.5103913000203,653.5103913000203,653.5103913000203,right,1,0.6858720000018366,,,,,826594791,Marcos,2025-09-20_20h04.34.469,css-task,2022.2.1,59.378156320177844,
,,,,,,,,,,,,,,,,,,,,1,0,1,0,89,0,89,0,,,,826594791,,,,,,,,,,,,,,heterogeneous,color-shape,2,shape,triangle,blue,no-switch,right,0,1,,,,,,,654.2103700999869,654.5602634999668,654.5602634999668,654.8105196999968,654.8105196999968,654.8105196999968,654.8105196999968,654.8105196999968,654.8105196999968,654.8105196999968,left,0,0.5669723000028171,,,,,826594791,Marcos,2025-09-20_20h04.34.469,css-task,2022.2.1,59.378156320177844,
,,,,,,,,,,,,,,,,,,,,1,0,1,0,90,0,90,0,,,,826594791,,,,,,,,,,,,,,heterogeneous,color-shape,2,color,triangle,blue,switch,left,0,1,,,,,,,655.3935460000066,655.7433921999764,655.7433921999764,655.9932110999944,655.9932110999944,655.9932110999944,655.9932110999944,655.9932110999944,655.9932110999944,655.9932110999944,left,1,0.7838233999791555,,,,,826594791,Marcos,2025-09-20_20h04.34.469,css-task,2022.2.1,59.378156320177844,
,,,,,,,,,,,,,,,,,,,,1,0,1,0,91,0,91,0,,,,826594791,,,,,,,,,,,,,,heterogeneous,color-shape,2,shape,circle,green,switch,left,1,0,,,,,,,656.7931863999693,657.1432703000028,657.1432703000028,657.3932812999701,657.3932812999701,657.3932812999701,657.3932812999701,657.3932812999701,657.3932812999701,657.3932812999701,left,1,1.067740100028459,,,,,826594791,Marcos,2025-09-20_20h04.34.469,css-task,2022.2.1,59.378156320177844,
,,,,,,,,,,,,,,,,,,,,1,0,1,0,92,0,92,0,,,,826594791,,,,,,,,,,,,,,heterogeneous,color-shape,2,shape,triangle,green,no-switch,right,0,1,,,,,,,658.4766002999968,658.8265970000066,658.8265970000066,659.0765205000062,659.0765205000062,659.0765205000062,659.0765205000062,659.0765205000062,659.0765205000062,659.0765205000062,right,1,2.2175188999972306,,,,,826594791,Marcos,2025-09-20_20h04.34.469,css-task,2022.2.1,59.378156320177844,
,,,,,,,,,,,,,,,,,,,,1,0,1,0,93,0,93,0,,,,826594791,,,,,,,,,,,,,,heterogeneous,color-shape,2,color,triangle,blue,switch,left,0,1,,,,,,,661.3103195999865,661.6597797999857,661.6597797999857,661.9095981999999,661.9095981999999,661.9095981999999,661.9095981999999,661.9095981999999,661.9095981999999,661.9095981999999,left,1,0.7174183999886736,,,,,826594791,Marcos,2025-09-20_20h04.34.469,css-task,2022.2.1,59.378156320177844,
,,,,,,,,,,,,,,,,,,,,1,0,1,0,94,0,94,0,,,,826594791,,,,,,,,,,,,,,heterogeneous,color-shape,2,color,triangle,green,no-switch,right,0,1,,,,,,,662.6427052000072,662.9936084999936,662.9936084999936,663.2429699000204,663.2429699000204,663.2429699000204,663.2429699000204,663.2429699000204,663.2429699000204,663.2429699000204,right,1,0.9508143999846652,,,,,826594791,Marcos,2025-09-20_20h04.34.469,css-task,2022.2.1,59.378156320177844,
,,,,,,,,,,,,,,,,,,,,1,0,1,0,95,0,95,0,,,,826594791,,,,,,,,,,,,,,heterogeneous,color-shape,2,shape,triangle,green,switch,right,0,1,,,,,,,664.2098275999888,664.5599707000074,664.5599707000074,664.8103710999712,664.8103710999712,664.8103710999712,664.8103710999712,664.8103710999712,664.8103710999712,664.8103710999712,right,1,0.6162216999800876,,,,,826594791,Marcos,2025-09-20_20h04.34.469,css-task,2022.2.1,59.378156320177844,
,,,,,,,,,,,,,,,,,,,,1,0,1,0,96,0,96,0,,,,826594791,,,,,,,,,,,,,,heterogeneous,color-shape,2,shape,triangle,green,no-switch,right,0,1,,,,,,,665.4431830999674,665.7931527000037,665.7931527000037,666.0430090000154,666.0430090000154,666.0430090000154,666.0430090000154,666.0430090000154,666.0430090000154,666.0430090000154,right,1,0.350878500030376,,,,,826594791,Marcos,2025-09-20_20h04.34.469,css-task,2022.2.1,59.378156320177844,
,,,,,,,,,,,,,,,,,,,,1,0,1,0,97,0,97,0,,,,826594791,,,,,,,,,,,,,,heterogeneous,color-shape,2,shape,circle,blue,no-switch,left,1,0,,,,,,,666.4092559000128,666.7588872999768,666.7588872999768,667.0096797000151,667.0096797000151,667.0096797000151,667.0096797000151,667.0096797000151,667.0096797000151,667.0096797000151,left,1,0.5674052000395022,,,,,826594791,Marcos,2025-09-20_20h04.34.469,css-task,2022.2.1,59.378156320177844,
,,,,,,,,,,,,,,,,,,,,1,0,1,0,98,0,98,0,,,,826594791,,,,,,,,,,,,,,heterogeneous,color-shape,2,color,circle,green,switch,right,1,0,,,,,,,667.5924715999863,667.9425875999732,667.9425875999732,668.1929074000218,668.1929074000218,668.1929074000218,668.1929074000218,668.1929074000218,668.1929074000218,668.1929074000218,right,1,1.1024228999740444,,,,,826594791,Marcos,2025-09-20_20h04.34.469,css-task,2022.2.1,59.378156320177844,
,,,,,,,,,,,,,,,,,,,,1,0,1,0,99,0,99,0,,,,826594791,,,,,,,,,,,,,,heterogeneous,color-shape,2,shape,triangle,green,switch,right,0,1,,,,,,,669.3098595999763,669.6598665000056,669.6598665000056,669.9093486000202,669.9093486000202,669.9093486000202,669.9093486000202,669.9093486000202,669.9093486000202,669.9093486000202,right,1,0.7006773000466637,,,,,826594791,Marcos,2025-09-20_20h04.34.469,css-task,2022.2.1,59.378156320177844,
,,,,,,,,,,,,,,,,,,,,1,0,1,0,,,,,,,,,,,,,,,,,,,,,,,,,,,,,,,,,,,,,,,,,,,,,,,,,,,,,,,826594791,Marcos,2025-09-20_20h04.34.469,css-task,2022.2.1,59.378156320177844,
,,,,,,,,,,,,,,,,,,,,2,0,2,0,0,0,0,0,,,,826594791,,,,,,,,,,,,,,heterogeneous,color-shape,3,shape,circle,blue,no-switch,left,1,0,,,,670.6261095000082,670.6261095000082,0.006083999993279576,682.2763222000212,682.625462099968,682.625462099968,682.8763520999928,682.8763520999928,682.8763520999928,682.8763520999928,682.8763520999928,682.8763520999928,682.8763520999928,left,1,0.8670388999744318,,,,,826594791,Marcos,2025-09-20_20h04.34.469,css-task,2022.2.1,59.378156320177844,
,,,,,,,,,,,,,,,,,,,,2,0,2,0,1,0,1,0,,,,826594791,,,,,,,,,,,,,,heterogeneous,color-shape,3,shape,triangle,blue,no-switch,right,0,1,,,,,,,683.7590963999974,684.108983699989,684.108983699989,684.3585469999816,684.3585469999816,684.3585469999816,684.3585469999816,684.3585469999816,684.3585469999816,684.3585469999816,right,1,1.9008506000391208,,,,,826594791,Marcos,2025-09-20_20h04.34.469,css-task,2022.2.1,59.378156320177844,
,,,,,,,,,,,,,,,,,,,,2,0,2,0,2,0,2,0,,,,826594791,,,,,,,,,,,,,,heterogeneous,color-shape,3,color,triangle,blue,switch,left,0,1,,,,,,,686.2754242999945,686.6262446999899,686.6262446999899,686.8751855000155,686.8751855000155,686.8751855000155,686.8751855000155,686.8751855000155,686.8751855000155,686.8751855000155,left,1,0.750662199978251,,,,,826594791,Marcos,2025-09-20_20h04.34.469,css-task,2022.2.1,59.378156320177844,
,,,,,,,,,,,,,,,,,,,,2,0,2,0,3,0,3,0,,,,826594791,,,,,,,,,,,,,,heterogeneous,color-shape,3,shape,triangle,blue,switch,right,0,1,,,,,,,687.6413999000215,687.9912655999651,687.9912655999651,688.2419019999797,688.2419019999797,688.2419019999797,688.2419019999797,688.2419019999797,688.2419019999797,688.2419019999797,right,1,1.0674319000099786,,,,,826594791,Marcos,2025-09-20_20h04.34.469,css-task,2022.2.1,59.378156320177844,
,,,,,,,,,,,,,,,,,,,,2,0,2,0,4,0,4,0,,,,826594791,,,,,,,,,,,,,,heterogeneous,color-shape,3,color,circle,blue,switch,left,1,0,,,,,,,689.3254145999672,689.6757226000191,689.6757226000191,689.9256397999707,689.9256397999707,689.9256397999707,689.9256397999707,689.9256397999707,689.9256397999707,689.9256397999707,left,1,0.5500803000177257,,,,,826594791,Marcos,2025-09-20_20h04.34.469,css-task,2022.2.1,59.378156320177844,
,,,,,,,,,,,,,,,,,,,,2,0,2,0,5,0,5,0,,,,826594791,,,,,,,,,,,,,,heterogeneous,color-shape,3,shape,circle,green,switch,left,1,0,,,,,,,690.4918364000041,690.840871399967,690.840871399967,691.0912948999903,691.0912948999903,691.0912948999903,691.0912948999903,691.0912948999903,691.0912948999903,691.0912948999903,left,1,1.3184508999693207,,,,,826594791,Marcos,2025-09-20_20h04.34.469,css-task,2022.2.1,59.378156320177844,
,,,,,,,,,,,,,,,,,,,,2,0,2,0,6,0,6,0,,,,826594791,,,,,,,,,,,,,,heterogeneous,color-shape,3,color,triangle,blue,switch,left,0,1,,,,,,,692.4248443999677,692.7752187000006,692.7752187000006,693.0261016999721,693.0261016999721,693.0261016999721,693.0261016999721,693.0261016999721,693.0261016999721,693.0261016999721,left,1,1.1828165000188164,,,,,826594791,Marcos,2025-09-20_20h04.34.469,css-task,2022.2.1,59.378156320177844,
,,,,,,,,,,,,,,,,,,,,2,0,2,0,7,0,7,0,,,,826594791,,,,,,,,,,,,,,heterogeneous,color-shape,3,shape,circle,blue,switch,left,1,0,,,,,,,694.2246053999988,694.5753125000047,694.5753125000047,694.8254198000068,694.8254198000068,694.8254198000068,694.8254198000068,694.8254198000068,694.8254198000068,694.8254198000068,left,1,0.5002762000076473,,,,,826594791,Marcos,2025-09-20_20h04.34.469,css-task,2022.2.1,59.378156320177844,
,,,,,,,,,,,,,,,,,,,,2,0,2,0,8,0,8,0,,,,826594791,,,,,,,,,,,,,,heterogeneous,color-shape,3,color,triangle,green,switch,right,0,1,,,,,,,695.3413306999719,695.691878099984,695.691878099984,695.9411169000086,695.9411169000086,695.9411169000086,695.9411169000086,695.9411169000086,695.9411169000086,695.9411169000086,right,1,1.4005025000078604,,,,,826594791,Marcos,2025-09-20_20h04.34.469,css-task,2022.2.1,59.378156320177844,
,,,,,,,,,,,,,,,,,,,,2,0,2,0,9,0,9,0,,,,826594791,,,,,,,,,,,,,,heterogeneous,color-shape,3,shape,triangle,green,switch,right,0,1,,,,,,,697.3582865999779,697.7076776999747,697.7076776999747,697.9584279999835,697.9584279999835,697.9584279999835,697.9584279999835,697.9584279999835,697.9584279999835,697.9584279999835,right,1,0.7344313000212424,,,,,826594791,Marcos,2025-09-20_20h04.34.469,css-task,2022.2.1,59.378156320177844,
,,,,,,,,,,,,,,,,,,,,2,0,2,0,10,0,10,0,,,,826594791,,,,,,,,,,,,,,heterogeneous,color-shape,3,shape,triangle,blue,no-switch,right,0,1,,,,,,,698.7084626000142,699.0583631999907,699.0583631999907,699.308105300006,699.308105300006,699.308105300006,699.308105300006,699.308105300006,699.308105300006,699.308105300006,right,1,1.8840257999836467,,,,,826594791,Marcos,2025-09-20_20h04.34.469,css-task,2022.2.1,59.378156320177844,
,,,,,,,,,,,,,,,,,,,,2,0,2,0,11,0,11,0,,,,826594791,,,,,,,,,,,,,,heterogeneous,color-shape,3,color,triangle,blue,switch,left,0,1,,,,,,,701.2080071999808,701.5580696999677,701.5580696999677,701.8084536999813,701.8084536999813,701.8084536999813,701.8084536999813,701.8084536999813,701.8084536999813,701.8084536999813,left,1,1.0503129999851808,,,,,826594791,Marcos,2025-09-20_20h04.34.469,css-task,2022.2.1,59.378156320177844,
,,,,,,,,,,,,,,,,,,,,2,0,2,0,12,0,12,0,,,,826594791,,,,,,,,,,,,,,heterogeneous,color-shape,3,shape,circle,green,switch,left,1,0,,,,,,,702.87427510001,703.2231717999675,703.2231717999675,703.4747796999873,703.4747796999873,703.4747796999873,703.4747796999873,703.4747796999873,703.4747796999873,703.4747796999873,left,1,1.0165712999878451,,,,,826594791,Marcos,2025-09-20_20h04.34.469,css-task,2022.2.1,59.378156320177844,
,,,,,,,,,,,,,,,,,,,,2,0,2,0,13,0,13,0,,,,826594791,,,,,,,,,,,,,,heterogeneous,color-shape,3,color,circle,green,switch,right,1,0,,,,,,,704.5077374000102,704.8584125000052,704.8584125000052,705.1085586000117,705.1085586000117,705.1085586000117,705.1085586000117,705.1085586000117,705.1085586000117,705.1085586000117,right,1,2.083454699954018,,,,,826594791,Marcos,2025-09-20_20h04.34.469,css-task,2022.2.1,59.378156320177844,
,,,,,,,,,,,,,,,,,,,,2,0,2,0,14,0,14,0,,,,826594791,,,,,,,,,,,,,,heterogeneous,color-shape,3,shape,circle,blue,switch,left,1,0,,,,,,,707.2077338999952,707.5571334999986,707.5571334999986,707.8074877000181,707.8074877000181,707.8074877000181,707.8074877000181,707.8074877000181,707.8074877000181,707.8074877000181,left,1,1.2504605999565683,,,,,826594791,Marcos,2025-09-20_20h04.34.469,css-task,2022.2.1,59.378156320177844,
,,,,,,,,,,,,,,,,,,,,2,0,2,0,15,0,15,0,,,,826594791,,,,,,,,,,,,,,heterogeneous,color-shape,3,color,triangle,green,switch,right,0,1,,,,,,,709.0742693999782,709.4238177000079,709.4238177000079,709.67358469998,709.67358469998,709.67358469998,709.67358469998,709.67358469998,709.67358469998,709.67358469998,right,1,0.8013140000402927,,,,,826594791,Marcos,2025-09-20_20h04.34.469,css-task,2022.2.1,59.378156320177844,
,,,,,,,,,,,,,,,,,,,,2,0,2,0,16,0,16,0,,,,826594791,,,,,,,,,,,,,,heterogeneous,color-shape,3,shape,triangle,blue,switch,right,0,1,,,,,,,710.490816799982,710.840579700016,710.840579700016,711.090802599967,711.090802599967,711.090802599967,711.090802599967,711.090802599967,711.090802599967,711.090802599967,right,1,2.100934599991888,,,,,826594791,Marcos,2025-09-20_20h04.34.469,css-task,2022.2.1,59.378156320177844,
,,,,,,,,,,,,,,,,,,,,2,0,2,0,17,0,17,0,,,,826594791,,,,,,,,,,,,,,heterogeneous,color-shape,3,shape,triangle,green,no-switch,right,0,1,,,,,,,713.2076938999817,713.5565521999961,713.5565521999961,713.8066629999666,713.8066629999666,713.8066629999666,713.8066629999666,713.8066629999666,713.8066629999666,713.8066629999666,right,1,0.8013073999900371,,,,,826594791,Marcos,2025-09-20_20h04.34.469,css-task,2022.2.1,59.378156320177844,
,,,,,,,,,,,,,,,,,,,,2,0,2,0,18,0,18,0,,,,826594791,,,,,,,,,,,,,,heterogeneous,color-shape,3,shape,circle,green,no-switch,left,1,0,,,,,,,714.6240821999963,714.9740204999689,714.9740204999689,715.2234549999703,715.2234549999703,715.2234549999703,715.2234549999703,715.2234549999703,715.2234549999703,715.2234549999703,left,1,1.2348798000020906,,,,,826594791,Marcos,2025-09-20_20h04.34.469,css-task,2022.2.1,59.378156320177844,
,,,,,,,,,,,,,,,,,,,,2,0,2,0,19,0,19,0,,,,826594791,,,,,,,,,,,,,,heterogeneous,color-shape,3,color,triangle,green,switch,right,0,1,,,,,,,716.4736519000144,716.8239556999761,716.8239556999761,717.073953300016,717.073953300016,717.073953300016,717.073953300016,717.073953300016,717.073953300016,717.073953300016,right,1,0.5506387999630533,,,,,826594791,Marcos,2025-09-20_20h04.34.469,css-task,2022.2.1,59.378156320177844,
,,,,,,,,,,,,,,,,,,,,2,0,2,0,20,0,20,0,,,,826594791,,,,,,,,,,,,,,heterogeneous,color-shape,3,color,triangle,blue,no-switch,left,0,1,,,,,,,717.6401682000142,717.9899744999711,717.9899744999711,718.2394036999904,718.2394036999904,718.2394036999904,718.2394036999904,718.2394036999904,718.2394036999904,718.2394036999904,left,1,0.7192178000113927,,,,,826594791,Marcos,2025-09-20_20h04.34.469,css-task,2022.2.1,59.378156320177844,
,,,,,,,,,,,,,,,,,,,,2,0,2,0,21,0,21,0,,,,826594791,,,,,,,,,,,,,,heterogeneous,color-shape,3,color,triangle,green,no-switch,right,0,1,,,,,,,718.9736110999947,719.3238060000003,719.3238060000003,719.573322399985,719.573322399985,719.573322399985,719.573322399985,719.573322399985,719.573322399985,719.573322399985,right,1,0.5183276000316255,,,,,826594791,Marcos,2025-09-20_20h04.34.469,css-task,2022.2.1,59.378156320177844,
,,,,,,,,,,,,,,,,,,,,2,0,2,0,22,0,22,0,,,,826594791,,,,,,,,,,,,,,heterogeneous,color-shape,3,shape,circle,blue,switch,left,1,0,,,,,,,720.1074460999807,720.457390800002,720.457390800002,720.7073611000087,720.7073611000087,720.7073611000087,720.7073611000087,720.7073611000087,720.7073611000087,720.7073611000087,left,1,0.7513119999784976,,,,,826594791,Marcos,2025-09-20_20h04.34.469,css-task,2022.2.1,59.378156320177844,
,,,,,,,,,,,,,,,,,,,,2,0,2,0,23,0,23,0,,,,826594791,,,,,,,,,,,,,,heterogeneous,color-shape,3,shape,triangle,blue,no-switch,right,0,1,,,,,,,721.4736068000202,721.8234847999993,721.8234847999993,722.0731921999832,722.0731921999832,722.0731921999832,722.0731921999832,722.0731921999832,722.0731921999832,722.0731921999832,right,1,1.7006693999865092,,,,,826594791,Marcos,2025-09-20_20h04.34.469,css-task,2022.2.1,59.378156320177844,
,,,,,,,,,,,,,,,,,,,,2,0,2,0,24,0,24,0,,,,826594791,,,,,,,,,,,,,,heterogeneous,color-shape,3,shape,triangle,blue,no-switch,right,0,1,,,,,,,723.7893287999905,724.1404090999858,724.1404090999858,724.3897795999656,724.3897795999656,724.3897795999656,724.3897795999656,724.3897795999656,724.3897795999656,724.3897795999656,right,1,0.6344577999552712,,,,,826594791,Marcos,2025-09-20_20h04.34.469,css-task,2022.2.1,59.378156320177844,
,,,,,,,,,,,,,,,,,,,,2,0,2,0,25,0,25,0,,,,826594791,,,,,,,,,,,,,,heterogeneous,color-shape,3,color,triangle,blue,switch,left,0,1,,,,,,,725.0400978999678,725.3894580000197,725.3894580000197,725.6415916999686,725.6415916999686,725.6415916999686,725.6415916999686,725.6415916999686,725.6415916999686,725.6415916999686,left,1,0.9493662000168115,,,,,826594791,Marcos,2025-09-20_20h04.34.469,css-task,2022.2.1,59.378156320177844,
,,,,,,,,,,,,,,,,,,,,2,0,2,0,26,0,26,0,,,,826594791,,,,,,,,,,,,,,heterogeneous,color-shape,3,shape,circle,blue,switch,left,1,0,,,,,,,726.6061807000078,726.9563619999681,726.9563619999681,727.2060723999748,727.2060723999748,727.2060723999748,727.2060723999748,727.2060723999748,727.2060723999748,727.2060723999748,left,1,0.7356851000222377,,,,,826594791,Marcos,2025-09-20_20h04.34.469,css-task,2022.2.1,59.378156320177844,
,,,,,,,,,,,,,,,,,,,,2,0,2,0,27,0,27,0,,,,826594791,,,,,,,,,,,,,,heterogeneous,color-shape,3,color,circle,blue,switch,left,1,0,,,,,,,727.9561991000082,728.3063512999797,728.3063512999797,728.5575080999988,728.5575080999988,728.5575080999988,728.5575080999988,728.5575080999988,728.5575080999988,728.5575080999988,left,1,0.49973749998025596,,,,,826594791,Marcos,2025-09-20_20h04.34.469,css-task,2022.2.1,59.378156320177844,
,,,,,,,,,,,,,,,,,,,,2,0,2,0,28,0,28,0,,,,826594791,,,,,,,,,,,,,,heterogeneous,color-shape,3,color,circle,blue,no-switch,left,1,0,,,,,,,729.0727333999821,729.4232648999896,729.4232648999896,729.6742666999926,729.6742666999926,729.6742666999926,729.6742666999926,729.6742666999926,729.6742666999926,729.6742666999926,left,1,0.6995681999833323,,,,,826594791,Marcos,2025-09-20_20h04.34.469,css-task,2022.2.1,59.378156320177844,
,,,,,,,,,,,,,,,,,,,,2,0,2,0,29,0,29,0,,,,826594791,,,,,,,,,,,,,,heterogeneous,color-shape,3,shape,circle,green,switch,left,1,0,,,,,,,730.389760799997,730.7396041000029,730.7396041000029,730.9905490999809,730.9905490999809,730.9905490999809,730.9905490999809,730.9905490999809,730.9905490999809,730.9905490999809,left,1,1.2993076000129804,,,,,826594791,Marcos,2025-09-20_20h04.34.469,css-task,2022.2.1,59.378156320177844,
,,,,,,,,,,,,,,,,,,,,2,0,2,0,30,0,30,0,,,,826594791,,,,,,,,,,,,,,heterogeneous,color-shape,3,color,circle,green,switch,right,1,0,,,,,,,732.3063824999845,732.6563846999779,732.6563846999779,732.8902774999733,732.8902774999733,732.8902774999733,732.8902774999733,732.8902774999733,732.8902774999733,732.8902774999733,left,0,0.6674453999730758,,,,,826594791,Marcos,2025-09-20_20h04.34.469,css-task,2022.2.1,59.378156320177844,
,,,,,,,,,,,,,,,,,,,,2,0,2,0,31,0,31,0,,,,826594791,,,,,,,,,,,,,,heterogeneous,color-shape,3,color,triangle,blue,no-switch,left,0,1,,,,,,,733.5727058000048,733.922044100007,733.922044100007,734.1732625999721,734.1732625999721,734.1732625999721,734.1732625999721,734.1732625999721,734.1732625999721,734.1732625999721,left,1,0.8840702000306919,,,,,826594791,Marcos,2025-09-20_20h04.34.469,css-task,2022.2.1,59.378156320177844,
,,,,,,,,,,,,,,,,,,,,2,0,2,0,32,0,32,0,,,,826594791,,,,,,,,,,,,,,heterogeneous,color-shape,3,shape,triangle,blue,switch,right,0,1,,,,,,,735.0725940999691,735.4061555999797,735.4216678999946,735.6721275000018,735.6721275000018,735.6721275000018,735.6721275000018,735.6721275000018,735.6721275000018,735.6721275000018,right,1,1.218678000033833,,,,,826594791,Marcos,2025-09-20_20h04.34.469,css-task,2022.2.1,59.378156320177844,
,,,,,,,,,,,,,,,,,,,,2,0,2,0,33,0,33,0,,,,826594791,,,,,,,,,,,,,,heterogeneous,color-shape,3,shape,triangle,green,no-switch,right,0,1,,,,,,,736.9058800999774,737.2570798000088,737.2570798000088,737.5064542000182,737.5064542000182,737.5064542000182,737.5064542000182,737.5064542000182,737.5064542000182,737.5064542000182,right,1,0.6503479999955744,,,,,826594791,Marcos,2025-09-20_20h04.34.469,css-task,2022.2.1,59.378156320177844,
,,,,,,,,,,,,,,,,,,,,2,0,2,0,34,0,34,0,,,,826594791,,,,,,,,,,,,,,heterogeneous,color-shape,3,color,circle,blue,switch,left,1,0,,,,,,,738.1725887000212,738.522700099973,738.522700099973,738.7725894000032,738.7725894000032,738.7725894000032,738.7725894000032,738.7725894000032,738.7725894000032,738.7725894000032,left,1,0.5176240000291727,,,,,826594791,Marcos,2025-09-20_20h04.34.469,css-task,2022.2.1,59.378156320177844,
,,,,,,,,,,,,,,,,,,,,2,0,2,0,35,0,35,0,,,,826594791,,,,,,,,,,,,,,heterogeneous,color-shape,3,color,circle,blue,no-switch,left,1,0,,,,,,,739.3063799999654,739.6564930999884,739.6730215999996,739.9068032000214,739.9068032000214,739.9068032000214,739.9068032000214,739.9068032000214,739.9068032000214,739.9068032000214,left,1,0.3831493000034243,,,,,826594791,Marcos,2025-09-20_20h04.34.469,css-task,2022.2.1,59.378156320177844,
,,,,,,,,,,,,,,,,,,,,2,0,2,0,36,0,36,0,,,,826594791,,,,,,,,,,,,,,heterogeneous,color-shape,3,shape,triangle,blue,switch,right,0,1,,,,,,,740.3055948999827,740.6561701999744,740.6561701999744,740.9061391999712,740.9061391999712,740.9061391999712,740.9061391999712,740.9061391999712,740.9061391999712,740.9061391999712,right,1,1.1672860000398941,,,,,826594791,Marcos,2025-09-20_20h04.34.469,css-task,2022.2.1,59.378156320177844,
,,,,,,,,,,,,,,,,,,,,2,0,2,0,37,0,37,0,,,,826594791,,,,,,,,,,,,,,heterogeneous,color-shape,3,color,circle,blue,switch,left,1,0,,,,,,,742.0889037000015,742.4225580000202,742.4394607999711,742.6889622000162,742.6889622000162,742.6889622000162,742.6889622000162,742.6889622000162,742.6889622000162,742.6889622000162,left,1,0.718248900026083,,,,,826594791,Marcos,2025-09-20_20h04.34.469,css-task,2022.2.1,59.378156320177844,
,,,,,,,,,,,,,,,,,,,,2,0,2,0,38,0,38,0,,,,826594791,,,,,,,,,,,,,,heterogeneous,color-shape,3,color,triangle,green,no-switch,right,0,1,,,,,,,743.4222284000134,743.7723377000075,743.7723377000075,744.0230767999892,744.0230767999892,744.0230767999892,744.0230767999892,744.0230767999892,744.0230767999892,744.0230767999892,right,1,1.8165884999907576,,,,,826594791,Marcos,2025-09-20_20h04.34.469,css-task,2022.2.1,59.378156320177844,
,,,,,,,,,,,,,,,,,,,,2,0,2,0,39,0,39,0,,,,826594791,,,,,,,,,,,,,,heterogeneous,color-shape,3,color,triangle,green,no-switch,right,0,1,,,,,,,745.8559848999721,746.2066963000107,746.2066963000107,746.4554311999818,746.4554311999818,746.4554311999818,746.4554311999818,746.4554311999818,746.4554311999818,746.4554311999818,right,1,0.3838222999474965,,,,,826594791,Marcos,2025-09-20_20h04.34.469,css-task,2022.2.1,59.378156320177844,
,,,,,,,,,,,,,,,,,,,,2,0,2,0,40,0,40,0,,,,826594791,,,,,,,,,,,,,,heterogeneous,color-shape,3,color,triangle,green,no-switch,right,0,1,,,,,,,746.8552028000122,747.206034199975,747.206034199975,747.4566996999783,747.4566996999783,747.4566996999783,747.4566996999783,747.4566996999783,747.4566996999783,747.4566996999783,right,1,0.34908409998752177,,,,,826594791,Marcos,2025-09-20_20h04.34.469,css-task,2022.2.1,59.378156320177844,
,,,,,,,,,,,,,,,,,,,,2,0,2,0,41,0,41,0,,,,826594791,,,,,,,,,,,,,,heterogeneous,color-shape,3,color,circle,blue,no-switch,left,1,0,,,,,,,747.8226498999866,748.1718620000174,748.1718620000174,748.4225041000172,748.4225041000172,748.4225041000172,748.4225041000172,748.4225041000172,748.4225041000172,748.4225041000172,left,1,0.3836394000099972,,,,,826594791,Marcos,2025-09-20_20h04.34.469,css-task,2022.2.1,59.378156320177844,
,,,,,,,,,,,,,,,,,,,,2,0,2,0,42,0,42,0,,,,826594791,,,,,,,,,,,,,,heterogeneous,color-shape,3,color,triangle,green,no-switch,right,0,1,,,,,,,748.8224913000013,749.1727644000202,749.1727644000202,749.4223292999668,749.4223292999668,749.4223292999668,749.4223292999668,749.4223292999668,749.4223292999668,749.4223292999668,right,1,1.200386599986814,,,,,826594791,Marcos,2025-09-20_20h04.34.469,css-task,2022.2.1,59.378156320177844,
,,,,,,,,,,,,,,,,,,,,2,0,2,0,43,0,43,0,,,,826594791,,,,,,,,,,,,,,heterogeneous,color-shape,3,shape,circle,blue,switch,left,1,0,,,,,,,750.638646300009,750.988217599981,750.988217599981,751.2404615000123,751.2404615000123,751.2404615000123,751.2404615000123,751.2404615000123,751.2404615000123,751.2404615000123,left,1,0.8829657000023872,,,,,826594791,Marcos,2025-09-20_20h04.34.469,css-task,2022.2.1,59.378156320177844,
,,,,,,,,,,,,,,,,,,,,2,0,2,0,44,0,44,0,,,,826594791,,,,,,,,,,,,,,heterogeneous,color-shape,3,shape,circle,green,no-switch,left,1,0,,,,,,,752.1384374999907,752.4891201999853,752.4891201999853,752.7383917999687,752.7383917999687,752.7383917999687,752.7383917999687,752.7383917999687,752.7383917999687,752.7383917999687,left,1,1.4178096000105143,,,,,826594791,Marcos,2025-09-20_20h04.34.469,css-task,2022.2.1,59.378156320177844,
,,,,,,,,,,,,,,,,,,,,2,0,2,0,45,0,45,0,,,,826594791,,,,,,,,,,,,,,heterogeneous,color-shape,3,color,triangle,green,switch,right,0,1,,,,,,,754.1715051999781,754.5215456999722,754.5215456999722,754.7719034000183,754.7719034000183,754.7719034000183,754.7719034000183,754.7719034000183,754.7719034000183,754.7719034000183,right,1,0.9008555999607779,,,,,826594791,Marcos,2025-09-20_20h04.34.469,css-task,2022.2.1,59.378156320177844,
,,,,,,,,,,,,,,,,,,,,2,0,2,0,46,0,46,0,,,,826594791,,,,,,,,,,,,,,heterogeneous,color-shape,3,color,triangle,green,no-switch,right,0,1,,,,,,,755.6888381000026,756.0385991999647,756.0385991999647,756.2892371999915,756.2892371999915,756.2892371999915,756.2892371999915,756.2892371999915,756.2892371999915,756.2892371999915,right,1,0.46748019999358803,,,,,826594791,Marcos,2025-09-20_20h04.34.469,css-task,2022.2.1,59.378156320177844,
,,,,,,,,,,,,,,,,,,,,2,0,2,0,47,0,47,0,,,,826594791,,,,,,,,,,,,,,heterogeneous,color-shape,3,shape,circle,green,switch,left,1,0,,,,,,,756.7718188000144,757.1218912000186,757.1218912000186,757.3724287999794,757.3724287999794,757.3724287999794,757.3724287999794,757.3724287999794,757.3724287999794,757.3724287999794,left,1,1.2335073999711312,,,,,826594791,Marcos,2025-09-20_20h04.34.469,css-task,2022.2.1,59.378156320177844,
,,,,,,,,,,,,,,,,,,,,2,0,2,0,48,0,48,0,,,,826594791,,,,,,,,,,,,,,heterogeneous,color-shape,3,shape,triangle,blue,no-switch,right,0,1,,,,,,,758.6221037000068,758.9711663000053,758.9711663000053,759.2214541999856,759.2214541999856,759.2214541999856,759.2214541999856,759.2214541999856,759.2214541999856,759.2214541999856,right,1,1.8009001000318676,,,,,826594791,Marcos,2025-09-20_20h04.34.469,css-task,2022.2.1,59.378156320177844,
,,,,,,,,,,,,,,,,,,,,2,0,2,0,49,0,49,0,,,,826594791,,,,,,,,,,,,,,heterogeneous,color-shape,3,color,triangle,green,switch,right,0,1,,,,,,,761.0381932000164,761.3878904000157,761.3878904000157,761.6380219999701,761.6380219999701,761.6380219999701,761.6380219999701,761.6380219999701,761.6380219999701,761.6380219999701,right,1,0.9341548000229523,,,,,826594791,Marcos,2025-09-20_20h04.34.469,css-task,2022.2.1,59.378156320177844,
,,,,,,,,,,,,,,,,,,,,2,0,2,0,50,0,50,0,,,,826594791,,,,,,,,,,,,,,heterogeneous,color-shape,3,shape,triangle,blue,switch,right,0,1,,,,,,,762.5882519999868,762.9377070000046,762.9377070000046,763.2052721999935,763.2052721999935,763.2052721999935,763.2052721999935,763.2052721999935,763.2052721999935,763.2052721999935,right,1,1.1167668999987654,,,,,826594791,Marcos,2025-09-20_20h04.34.469,css-task,2022.2.1,59.378156320177844,
,,,,,,,,,,,,,,,,,,,,2,0,2,0,51,0,51,0,,,,826594791,,,,,,,,,,,,,,heterogeneous,color-shape,3,shape,circle,blue,no-switch,left,1,0,,,,,,,764.338445100002,764.6880526000168,764.6880526000168,764.9389072000049,764.9389072000049,764.9389072000049,764.9389072000049,764.9389072000049,764.9389072000049,764.9389072000049,left,1,0.7161480999784544,,,,,826594791,Marcos,2025-09-20_20h04.34.469,css-task,2022.2.1,59.378156320177844,
,,,,,,,,,,,,,,,,,,,,2,0,2,0,52,0,52,0,,,,826594791,,,,,,,,,,,,,,heterogeneous,color-shape,3,shape,triangle,blue,no-switch,right,0,1,,,,,,,765.670981400006,766.021738099982,766.021738099982,766.2714911999647,766.2714911999647,766.2714911999647,766.2714911999647,766.2714911999647,766.2714911999647,766.2714911999647,right,1,1.650949299975764,,,,,826594791,Marcos,2025-09-20_20h04.34.469,css-task,2022.2.1,59.378156320177844,
,,,,,,,,,,,,,,,,,,,,2,0,2,0,53,0,53,0,,,,826594791,,,,,,,,,,,,,,heterogeneous,color-shape,3,shape,triangle,blue,no-switch,right,0,1,,,,,,,767.9376109999721,768.2884246999747,768.2884246999747,768.5382684000069,768.5382684000069,768.5382684000069,768.5382684000069,768.5382684000069,768.5382684000069,768.5382684000069,right,1,1.3336015999666415,,,,,826594791,Marcos,2025-09-20_20h04.34.469,css-task,2022.2.1,59.378156320177844,
,,,,,,,,,,,,,,,,,,,,2,0,2,0,54,0,54,0,,,,826594791,,,,,,,,,,,,,,heterogeneous,color-shape,3,color,triangle,green,switch,right,0,1,,,,,,,769.8876285000006,770.2377878999687,770.2377878999687,770.488765200018,770.488765200018,770.488765200018,770.488765200018,770.488765200018,770.488765200018,770.488765200018,right,1,1.849911700002849,,,,,826594791,Marcos,2025-09-20_20h04.34.469,css-task,2022.2.1,59.378156320177844,
,,,,,,,,,,,,,,,,,,,,2,0,2,0,55,0,55,0,,,,826594791,,,,,,,,,,,,,,heterogeneous,color-shape,3,color,circle,blue,no-switch,left,1,0,,,,,,,772.3546878999914,772.7043019999983,772.7043019999983,772.9540983000188,772.9540983000188,772.9540983000188,772.9540983000188,772.9540983000188,772.9540983000188,772.9540983000188,left,1,0.5349620999768376,,,,,826594791,Marcos,2025-09-20_20h04.34.469,css-task,2022.2.1,59.378156320177844,
,,,,,,,,,,,,,,,,,,,,2,0,2,0,56,0,56,0,,,,826594791,,,,,,,,,,,,,,heterogeneous,color-shape,3,shape,circle,green,switch,left,1,0,,,,,,,773.5045627999934,773.8551279999665,773.8551279999665,774.105209900008,774.105209900008,774.105209900008,774.105209900008,774.105209900008,774.105209900008,774.105209900008,left,1,1.34910160000436,,,,,826594791,Marcos,2025-09-20_20h04.34.469,css-task,2022.2.1,59.378156320177844,
,,,,,,,,,,,,,,,,,,,,2,0,2,0,57,0,57,0,,,,826594791,,,,,,,,,,,,,,heterogeneous,color-shape,3,color,circle,green,switch,right,1,0,,,,,,,775.4710878999904,775.8207935999963,775.8207935999963,776.0716136000119,776.0716136000119,776.0716136000119,776.0716136000119,776.0716136000119,776.0716136000119,776.0716136000119,right,1,0.8844165999908,,,,,826594791,Marcos,2025-09-20_20h04.34.469,css-task,2022.2.1,59.378156320177844,
,,,,,,,,,,,,,,,,,,,,2,0,2,0,58,0,58,0,,,,826594791,,,,,,,,,,,,,,heterogeneous,color-shape,3,shape,circle,green,switch,left,1,0,,,,,,,776.9708320000209,777.3200187999755,777.3200187999755,777.5707526999759,777.5707526999759,777.5707526999759,777.5707526999759,777.5707526999759,777.5707526999759,777.5707526999759,left,1,1.1673425000044517,,,,,826594791,Marcos,2025-09-20_20h04.34.469,css-task,2022.2.1,59.378156320177844,
,,,,,,,,,,,,,,,,,,,,2,0,2,0,59,0,59,0,,,,826594791,,,,,,,,,,,,,,heterogeneous,color-shape,3,color,circle,blue,switch,left,1,0,,,,,,,778.7538767000078,779.1032828000025,779.1032828000025,779.3552661999711,779.3552661999711,779.3552661999711,779.3552661999711,779.3552661999711,779.3552661999711,779.3552661999711,left,1,0.9491282000089996,,,,,826594791,Marcos,2025-09-20_20h04.34.469,css-task,2022.2.1,59.378156320177844,
,,,,,,,,,,,,,,,,,,,,2,0,2,0,60,0,60,0,,,,826594791,,,,,,,,,,,,,,heterogeneous,color-shape,3,color,triangle,blue,no-switch,left,0,1,,,,,,,780.3208268000162,780.6719215000048,780.6719215000048,780.9202587999753,780.9202587999753,780.9202587999753,780.9202587999753,780.9202587999753,780.9202587999753,780.9202587999753,left,1,1.1176553000113927,,,,,826594791,Marcos,2025-09-20_20h04.34.469,css-task,2022.2.1,59.378156320177844,
,,,,,,,,,,,,,,,,,,,,2,0,2,0,61,0,61,0,,,,826594791,,,,,,,,,,,,,,heterogeneous,color-shape,3,color,circle,blue,no-switch,left,1,0,,,,,,,782.0537667999743,782.4040431000176,782.4040431000176,782.653817399987,782.653817399987,782.653817399987,782.653817399987,782.653817399987,782.653817399987,782.653817399987,left,1,0.45144990005064756,,,,,826594791,Marcos,2025-09-20_20h04.34.469,css-task,2022.2.1,59.378156320177844,
,,,,,,,,,,,,,,,,,,,,2,0,2,0,62,0,62,0,,,,826594791,,,,,,,,,,,,,,heterogeneous,color-shape,3,color,triangle,blue,no-switch,left,0,1,,,,,,,783.1204302000115,783.469672199979,783.469672199979,783.7204811999691,783.7204811999691,783.7204811999691,783.7204811999691,783.7204811999691,783.7204811999691,783.7204811999691,left,1,0.36710520001361147,,,,,826594791,Marcos,2025-09-20_20h04.34.469,css-task,2022.2.1,59.378156320177844,
,,,,,,,,,,,,,,,,,,,,2,0,2,0,63,0,63,0,,,,826594791,,,,,,,,,,,,,,heterogeneous,color-shape,3,color,triangle,green,no-switch,right,0,1,,,,,,,784.1040817999747,784.4540602000197,784.4540602000197,784.686525099969,784.686525099969,784.686525099969,784.686525099969,784.686525099969,784.686525099969,784.686525099969,right,1,1.2680507999612018,,,,,826594791,Marcos,2025-09-20_20h04.34.469,css-task,2022.2.1,59.378156320177844,
,,,,,,,,,,,,,,,,,,,,2,0,2,0,64,0,64,0,,,,826594791,,,,,,,,,,,,,,heterogeneous,color-shape,3,color,circle,green,no-switch,right,1,0,,,,,,,785.9701481999946,786.3205285000149,786.3205285000149,786.5702430999954,786.5702430999954,786.5702430999954,786.5702430999954,786.5702430999954,786.5702430999954,786.5702430999954,right,1,1.6342556000454351,,,,,826594791,Marcos,2025-09-20_20h04.34.469,css-task,2022.2.1,59.378156320177844,
,,,,,,,,,,,,,,,,,,,,2,0,2,0,65,0,65,0,,,,826594791,,,,,,,,,,,,,,heterogeneous,color-shape,3,color,circle,blue,no-switch,left,1,0,,,,,,,788.2201060000225,788.5701663999935,788.5701663999935,788.8202860999736,788.8202860999736,788.8202860999736,788.8202860999736,788.8202860999736,788.8202860999736,788.8202860999736,left,1,1.0348236999707296,,,,,826594791,Marcos,2025-09-20_20h04.34.469,css-task,2022.2.1,59.378156320177844,
,,,,,,,,,,,,,,,,,,,,2,0,2,0,66,0,66,0,,,,826594791,,,,,,,,,,,,,,heterogeneous,color-shape,3,color,triangle,blue,no-switch,left,0,1,,,,,,,789.8701568999677,790.2205458999961,790.2205458999961,790.4710677000112,790.4710677000112,790.4710677000112,790.4710677000112,790.4710677000112,790.4710677000112,790.4710677000112,left,1,1.1171943999943323,,,,,826594791,Marcos,2025-09-20_20h04.34.469,css-task,2022.2.1,59.378156320177844,
,,,,,,,,,,,,,,,,,,,,2,0,2,0,67,0,67,0,,,,826594791,,,,,,,,,,,,,,heterogeneous,color-shape,3,shape,circle,blue,switch,left,1,0,,,,,,,791.6031956999796,791.9545174000086,791.9545174000086,792.2039986000163,792.2039986000163,792.2039986000163,792.2039986000163,792.2039986000163,792.2039986000163,792.2039986000163,left,1,0.46665700001176447,,,,,826594791,Marcos,2025-09-20_20h04.34.469,css-task,2022.2.1,59.378156320177844,
,,,,,,,,,,,,,,,,,,,,2,0,2,0,68,0,68,0,,,,826594791,,,,,,,,,,,,,,heterogeneous,color-shape,3,shape,circle,blue,no-switch,left,1,0,,,,,,,792.6866343999864,793.0372484999825,793.0372484999825,793.2873302000226,793.2873302000226,793.2873302000226,793.2873302000226,793.2873302000226,793.2873302000226,793.2873302000226,left,1,0.5833879999700002,,,,,826594791,Marcos,2025-09-20_20h04.34.469,css-task,2022.2.1,59.378156320177844,
,,,,,,,,,,,,,,,,,,,,2,0,2,0,69,0,69,0,,,,826594791,,,,,,,,,,,,,,heterogeneous,color-shape,3,color,triangle,blue,switch,left,0,1,,,,,,,793.886478499975,794.2370467999717,794.2370467999717,794.4880947999773,794.4880947999773,794.4880947999773,794.4880947999773,794.4880947999773,794.4880947999773,794.4880947999773,left,1,0.7330513999913819,,,,,826594791,Marcos,2025-09-20_20h04.34.469,css-task,2022.2.1,59.378156320177844,
,,,,,,,,,,,,,,,,,,,,2,0,2,0,70,0,70,0,,,,826594791,,,,,,,,,,,,,,heterogeneous,color-shape,3,color,circle,blue,no-switch,left,1,0,,,,,,,795.237022300018,795.5868215999799,795.6027565000113,795.8370302999974,795.8370302999974,795.8370302999974,795.8370302999974,795.8370302999974,795.8370302999974,795.8370302999974,left,1,0.5669539000373334,,,,,826594791,Marcos,2025-09-20_20h04.34.469,css-task,2022.2.1,59.378156320177844,
,,,,,,,,,,,,,,,,,,,,2,0,2,0,71,0,71,0,,,,826594791,,,,,,,,,,,,,,heterogeneous,color-shape,3,shape,triangle,blue,switch,right,0,1,,,,,,,796.4195980000077,796.7698207999929,796.7698207999929,797.0190801999997,797.0190801999997,797.0190801999997,797.0190801999997,797.0190801999997,797.0190801999997,797.0190801999997,right,1,1.0188900000066496,,,,,826594791,Marcos,2025-09-20_20h04.34.469,css-task,2022.2.1,59.378156320177844,
,,,,,,,,,,,,,,,,,,,,2,0,2,0,72,0,72,0,,,,826594791,,,,,,,,,,,,,,heterogeneous,color-shape,3,shape,triangle,green,no-switch,right,0,1,,,,,,,798.0526761999936,798.4027240999858,798.4027240999858,798.6528668999672,798.6528668999672,798.6528668999672,798.6528668999672,798.6528668999672,798.6528668999672,798.6528668999672,right,1,0.7184557000291534,,,,,826594791,Marcos,2025-09-20_20h04.34.469,css-task,2022.2.1,59.378156320177844,
,,,,,,,,,,,,,,,,,,,,2,0,2,0,73,0,73,0,,,,826594791,,,,,,,,,,,,,,heterogeneous,color-shape,3,shape,triangle,blue,no-switch,right,0,1,,,,,,,799.386173899984,799.735159999982,799.735159999982,799.9855077000102,799.9855077000102,799.9855077000102,799.9855077000102,799.9855077000102,799.9855077000102,799.9855077000102,right,1,0.9847965999506414,,,,,826594791,Marcos,2025-09-20_20h04.34.469,css-task,2022.2.1,59.378156320177844,
,,,,,,,,,,,,,,,,,,,,2,0,2,0,74,0,74,0,,,,826594791,,,,,,,,,,,,,,heterogeneous,color-shape,3,shape,triangle,blue,no-switch,right,0,1,,,,,,,800.9855488999747,801.3363515000092,801.3363515000092,801.5867164999945,801.5867164999945,801.5867164999945,801.5867164999945,801.5867164999945,801.5867164999945,801.5867164999945,right,1,0.4509118999703787,,,,,826594791,Marcos,2025-09-20_20h04.34.469,css-task,2022.2.1,59.378156320177844,
,,,,,,,,,,,,,,,,,,,,2,0,2,0,75,0,75,0,,,,826594791,,,,,,,,,,,,,,heterogeneous,color-shape,3,shape,triangle,blue,no-switch,right,0,1,,,,,,,802.0526862000115,802.4039803000051,802.4039803000051,802.6534498999827,802.6534498999827,802.6534498999827,802.6534498999827,802.6534498999827,802.6534498999827,802.6534498999827,right,1,0.5001855999580584,,,,,826594791,Marcos,2025-09-20_20h04.34.469,css-task,2022.2.1,59.378156320177844,
,,,,,,,,,,,,,,,,,,,,2,0,2,0,76,0,76,0,,,,826594791,,,,,,,,,,,,,,heterogeneous,color-shape,3,color,triangle,green,switch,right,0,1,,,,,,,803.1697139000171,803.519398799981,803.519398799981,803.7700556999771,803.7700556999771,803.7700556999771,803.7700556999771,803.7700556999771,803.7700556999771,803.7700556999771,right,1,0.9670091000152752,,,,,826594791,Marcos,2025-09-20_20h04.34.469,css-task,2022.2.1,59.378156320177844,
,,,,,,,,,,,,,,,,,,,,2,0,2,0,77,0,77,0,,,,826594791,,,,,,,,,,,,,,heterogeneous,color-shape,3,shape,circle,green,switch,left,1,0,,,,,,,804.7527905000024,805.1027916999883,805.1027916999883,805.3530364999897,805.3530364999897,805.3530364999897,805.3530364999897,805.3530364999897,805.3530364999897,805.3530364999897,left,1,1.034432000014931,,,,,826594791,Marcos,2025-09-20_20h04.34.469,css-task,2022.2.1,59.378156320177844,
,,,,,,,,,,,,,,,,,,,,2,0,2,0,78,0,78,0,,,,826594791,,,,,,,,,,,,,,heterogeneous,color-shape,3,shape,circle,blue,no-switch,left,1,0,,,,,,,806.4029742999701,806.7526817999897,806.7526817999897,807.0023662999738,807.0023662999738,807.0023662999738,807.0023662999738,807.0023662999738,807.0023662999738,807.0023662999738,left,1,0.46825039997929707,,,,,826594791,Marcos,2025-09-20_20h04.34.469,css-task,2022.2.1,59.378156320177844,
,,,,,,,,,,,,,,,,,,,,2,0,2,0,79,0,79,0,,,,826594791,,,,,,,,,,,,,,heterogeneous,color-shape,3,shape,circle,green,no-switch,left,1,0,,,,,,,807.485840999987,807.8354340000078,807.8354340000078,808.0861071000108,808.0861071000108,808.0861071000108,808.0861071000108,808.0861071000108,808.0861071000108,808.0861071000108,right,0,0.8169987000292167,,,,,826594791,Marcos,2025-09-20_20h04.34.469,css-task,2022.2.1,59.378156320177844,
,,,,,,,,,,,,,,,,,,,,2,0,2,0,80,0,80,0,,,,826594791,,,,,,,,,,,,,,heterogeneous,color-shape,3,shape,triangle,blue,no-switch,right,0,1,,,,,,,808.9193039999809,809.2533351000166,809.2689498999971,809.5194607999874,809.5194607999874,809.5194607999874,809.5194607999874,809.5194607999874,809.5194607999874,809.5194607999874,right,1,1.4838811999652535,,,,,826594791,Marcos,2025-09-20_20h04.34.469,css-task,2022.2.1,59.378156320177844,
,,,,,,,,,,,,,,,,,,,,2,0,2,0,81,0,81,0,,,,826594791,,,,,,,,,,,,,,heterogeneous,color-shape,3,color,triangle,green,switch,right,0,1,,,,,,,811.0189425999997,811.3690277999849,811.3690277999849,811.6195183999953,811.6195183999953,811.6195183999953,811.6195183999953,811.6195183999953,811.6195183999953,811.6195183999953,right,1,0.6337800999754108,,,,,826594791,Marcos,2025-09-20_20h04.34.469,css-task,2022.2.1,59.378156320177844,
,,,,,,,,,,,,,,,,,,,,2,0,2,0,82,0,82,0,,,,826594791,,,,,,,,,,,,,,heterogeneous,color-shape,3,shape,triangle,green,switch,right,0,1,,,,,,,812.2691569000017,812.6190480999649,812.6190480999649,812.8693548999727,812.8693548999727,812.8693548999727,812.8693548999727,812.8693548999727,812.8693548999727,812.8693548999727,right,1,1.35098069999367,,,,,826594791,Marcos,2025-09-20_20h04.34.469,css-task,2022.2.1,59.378156320177844,
,,,,,,,,,,,,,,,,,,,,2,0,2,0,83,0,83,0,,,,826594791,,,,,,,,,,,,,,heterogeneous,color-shape,3,shape,circle,blue,no-switch,left,1,0,,,,,,,814.2357780999737,814.5853010999854,814.5853010999854,814.8357093000086,814.8357093000086,814.8357093000086,814.8357093000086,814.8357093000086,814.8357093000086,814.8357093000086,left,1,0.6171689999755472,,,,,826594791,Marcos,2025-09-20_20h04.34.469,css-task,2022.2.1,59.378156320177844,
,,,,,,,,,,,,,,,,,,,,2,0,2,0,84,0,84,0,,,,826594791,,,,,,,,,,,,,,heterogeneous,color-shape,3,color,circle,blue,switch,left,1,0,,,,,,,815.4694110999699,815.8186916999985,815.8186916999985,816.0691773999715,816.0691773999715,816.0691773999715,816.0691773999715,816.0691773999715,816.0691773999715,816.0691773999715,left,1,0.7008781000040472,,,,,826594791,Marcos,2025-09-20_20h04.34.469,css-task,2022.2.1,59.378156320177844,
,,,,,,,,,,,,,,,,,,,,2,0,2,0,85,0,85,0,,,,826594791,,,,,,,,,,,,,,heterogeneous,color-shape,3,color,circle,green,no-switch,right,1,0,,,,,,,816.7853132999735,817.1351660999935,817.1351660999935,817.386084400001,817.386084400001,817.386084400001,817.386084400001,817.386084400001,817.386084400001,817.386084400001,right,1,1.1832763999700546,,,,,826594791,Marcos,2025-09-20_20h04.34.469,css-task,2022.2.1,59.378156320177844,
,,,,,,,,,,,,,,,,,,,,2,0,2,0,86,0,86,0,,,,826594791,,,,,,,,,,,,,,heterogeneous,color-shape,3,color,circle,green,no-switch,right,1,0,,,,,,,818.5854372999747,818.9344875999959,818.9344875999959,819.1860636000056,819.1860636000056,819.1860636000056,819.1860636000056,819.1860636000056,819.1860636000056,819.1860636000056,right,1,0.6342360000126064,,,,,826594791,Marcos,2025-09-20_20h04.34.469,css-task,2022.2.1,59.378156320177844,
,,,,,,,,,,,,,,,,,,,,2,0,2,0,87,0,87,0,,,,826594791,,,,,,,,,,,,,,heterogeneous,color-shape,3,shape,triangle,blue,switch,right,0,1,,,,,,,819.835254399979,820.1847703999956,820.1847703999956,820.435685799981,820.435685799981,820.435685799981,820.435685799981,820.435685799981,820.435685799981,820.435685799981,right,1,1.450568700034637,,,,,826594791,Marcos,2025-09-20_20h04.34.469,css-task,2022.2.1,59.378156320177844,
,,,,,,,,,,,,,,,,,,,,2,0,2,0,88,0,88,0,,,,826594791,,,,,,,,,,,,,,heterogeneous,color-shape,3,color,circle,green,switch,right,1,0,,,,,,,821.9023668000009,822.2521020999993,822.2521020999993,822.5018959000008,822.5018959000008,822.5018959000008,822.5018959000008,822.5018959000008,822.5018959000008,822.5018959000008,right,1,0.8510840999661013,,,,,826594791,Marcos,2025-09-20_20h04.34.469,css-task,2022.2.1,59.378156320177844,
,,,,,,,,,,,,,,,,,,,,2,0,2,0,89,0,89,0,,,,826594791,,,,,,,,,,,,,,heterogeneous,color-shape,3,shape,circle,blue,switch,left,1,0,,,,,,,823.3683889000094,823.7191313999938,823.7191313999938,823.9691026000073,823.9691026000073,823.9691026000073,823.9691026000073,823.9691026000073,823.9691026000073,823.9691026000073,left,1,0.4673085999675095,,,,,826594791,Marcos,2025-09-20_20h04.34.469,css-task,2022.2.1,59.378156320177844,
,,,,,,,,,,,,,,,,,,,,2,0,2,0,90,0,90,0,,,,826594791,,,,,,,,,,,,,,heterogeneous,color-shape,3,shape,triangle,green,no-switch,right,0,1,,,,,,,824.4514650999918,824.8012682999833,824.8012682999833,825.0521530999686,825.0521530999686,825.0521530999686,825.0521530999686,825.0521530999686,825.0521530999686,825.0521530999686,right,1,0.7005629999912344,,,,,826594791,Marcos,2025-09-20_20h04.34.469,css-task,2022.2.1,59.378156320177844,
,,,,,,,,,,,,,,,,,,,,2,0,2,0,91,0,91,0,,,,826594791,,,,,,,,,,,,,,heterogeneous,color-shape,3,shape,triangle,green,no-switch,right,0,1,,,,,,,825.7686564999749,826.1188203999773,826.1188203999773,826.3694838999654,826.3694838999654,826.3694838999654,826.3694838999654,826.3694838999654,826.3694838999654,826.3694838999654,right,1,0.5323950999882072,,,,,826594791,Marcos,2025-09-20_20h04.34.469,css-task,2022.2.1,59.378156320177844,
,,,,,,,,,,,,,,,,,,,,2,0,2,0,92,0,92,0,,,,826594791,,,,,,,,,,,,,,heterogeneous,color-shape,3,color,circle,blue,switch,left,1,0,,,,,,,826.9182491999818,827.2684400000144,827.2684400000144,827.5013061999925,827.5013061999925,827.5013061999925,827.5013061999925,827.5013061999925,827.5013061999925,827.5013061999925,left,1,0.5511377999791875,,,,,826594791,Marcos,2025-09-20_20h04.34.469,css-task,2022.2.1,59.378156320177844,
,,,,,,,,,,,,,,,,,,,,2,0,2,0,93,0,93,0,,,,826594791,,,,,,,,,,,,,,heterogeneous,color-shape,3,shape,triangle,blue,switch,right,0,1,,,,,,,828.0681586000137,828.4177889999701,828.4177889999701,828.6677507999702,828.6677507999702,828.6677507999702,828.6677507999702,828.6677507999702,828.6677507999702,828.6677507999702,right,1,1.1345522999763489,,,,,826594791,Marcos,2025-09-20_20h04.34.469,css-task,2022.2.1,59.378156320177844,
,,,,,,,,,,,,,,,,,,,,2,0,2,0,94,0,94,0,,,,826594791,,,,,,,,,,,,,,heterogeneous,color-shape,3,color,circle,blue,switch,left,1,0,,,,,,,829.8185168000055,830.1679487999645,830.1679487999645,830.419277900015,830.419277900015,830.419277900015,830.419277900015,830.419277900015,830.419277900015,830.419277900015,left,1,0.7161429999978282,,,,,826594791,Marcos,2025-09-20_20h04.34.469,css-task,2022.2.1,59.378156320177844,
,,,,,,,,,,,,,,,,,,,,2,0,2,0,95,0,95,0,,,,826594791,,,,,,,,,,,,,,heterogeneous,color-shape,3,shape,triangle,blue,switch,right,0,1,,,,,,,831.1514948999975,831.5011106000165,831.5011106000165,831.751374799991,831.751374799991,831.751374799991,831.751374799991,831.751374799991,831.751374799991,831.751374799991,right,1,0.8341457999777049,,,,,826594791,Marcos,2025-09-20_20h04.34.469,css-task,2022.2.1,59.378156320177844,
,,,,,,,,,,,,,,,,,,,,2,0,2,0,96,0,96,0,,,,826594791,,,,,,,,,,,,,,heterogeneous,color-shape,3,shape,triangle,blue,no-switch,right,0,1,,,,,,,832.6002386999899,832.9511905999971,832.9511905999971,833.2025005000178,833.2025005000178,833.2025005000178,833.2025005000178,833.2025005000178,833.2025005000178,833.2025005000178,right,1,1.1496570000308566,,,,,826594791,Marcos,2025-09-20_20h04.34.469,css-task,2022.2.1,59.378156320177844,
,,,,,,,,,,,,,,,,,,,,2,0,2,0,97,0,97,0,,,,826594791,,,,,,,,,,,,,,heterogeneous,color-shape,3,shape,circle,green,no-switch,left,1,0,,,,,,,834.3687556000077,834.7182773000095,834.7182773000095,834.9683243000181,834.9683243000181,834.9683243000181,834.9683243000181,834.9683243000181,834.9683243000181,834.9683243000181,right,0,0.717087300028652,,,,,826594791,Marcos,2025-09-20_20h04.34.469,css-task,2022.2.1,59.378156320177844,
,,,,,,,,,,,,,,,,,,,,2,0,2,0,98,0,98,0,,,,826594791,,,,,,,,,,,,,,heterogeneous,color-shape,3,shape,triangle,blue,no-switch,right,0,1,,,,,,,835.7016435000114,836.050962999987,836.050962999987,836.3014285999816,836.3014285999816,836.3014285999816,836.3014285999816,836.3014285999816,836.3014285999816,836.3014285999816,right,1,1.0342458999948576,,,,,826594791,Marcos,2025-09-20_20h04.34.469,css-task,2022.2.1,59.378156320177844,
,,,,,,,,,,,,,,,,,,,,2,0,2,0,99,0,99,0,,,,826594791,,,,,,,,,,,,,,heterogeneous,color-shape,3,shape,triangle,green,no-switch,right,0,1,,,,,,,837.3510661000037,837.7014162999694,837.7014162999694,837.9515915999655,837.9515915999655,837.9515915999655,837.9515915999655,837.9515915999655,837.9515915999655,837.9515915999655,right,1,0.4837586000212468,,,,,826594791,Marcos,2025-09-20_20h04.34.469,css-task,2022.2.1,59.378156320177844,
,,,,,,,,,,,,,,,,,,,,2,0,2,0,,,,,,,,,,,,,,,,,,,,,,,,,,,,,,,,,,,,,,,,,,,,,,,,,,,,,,,826594791,Marcos,2025-09-20_20h04.34.469,css-task,2022.2.1,59.378156320177844,
,,,,,,,,,,,,,,,,,,,,3,0,3,0,0,0,0,0,,,,826594791,,,,,,,,,,,,,,heterogeneous,color-shape,4,shape,triangle,blue,no-switch,right,0,1,,,,838.4511366999941,838.4511366999941,0.005549399997107685,876.8825480999658,877.232265300001,877.232265300001,877.4821670000092,877.4821670000092,877.4821670000092,877.4821670000092,877.4821670000092,877.4821670000092,877.4821670000092,right,1,1.2840913999825716,,,,,826594791,Marcos,2025-09-20_20h04.34.469,css-task,2022.2.1,59.378156320177844,
,,,,,,,,,,,,,,,,,,,,3,0,3,0,1,0,1,0,,,,826594791,,,,,,,,,,,,,,heterogeneous,color-shape,4,shape,circle,green,no-switch,left,1,0,,,,,,,878.7821769000147,879.1317076999694,879.1317076999694,879.3820776999928,879.3820776999928,879.3820776999928,879.3820776999928,879.3820776999928,879.3820776999928,879.3820776999928,left,1,1.050180000020191,,,,,826594791,Marcos,2025-09-20_20h04.34.469,css-task,2022.2.1,59.378156320177844,
,,,,,,,,,,,,,,,,,,,,3,0,3,0,2,0,2,0,,,,826594791,,,,,,,,,,,,,,heterogeneous,color-shape,4,color,circle,blue,switch,left,1,0,,,,,,,880.4480057000183,880.7980773000163,880.7980773000163,881.0484016999835,881.0484016999835,881.0484016999835,881.0484016999835,881.0484016999835,881.0484016999835,881.0484016999835,left,1,0.4837616000440903,,,,,826594791,Marcos,2025-09-20_20h04.34.469,css-task,2022.2.1,59.378156320177844,
,,,,,,,,,,,,,,,,,,,,3,0,3,0,3,0,3,0,,,,826594791,,,,,,,,,,,,,,heterogeneous,color-shape,4,color,triangle,green,no-switch,right,0,1,,,,,,,881.5477293999866,881.8822308999952,881.8984569999739,882.1321886000223,882.1321886000223,882.1321886000223,882.1321886000223,882.1321886000223,882.1321886000223,882.1321886000223,right,1,1.0001819000463001,,,,,826594791,Marcos,2025-09-20_20h04.34.469,css-task,2022.2.1,59.378156320177844,
,,,,,,,,,,,,,,,,,,,,3,0,3,0,4,0,4,0,,,,826594791,,,,,,,,,,,,,,heterogeneous,color-shape,4,shape,triangle,green,switch,right,0,1,,,,,,,883.1485488999751,883.4983430000138,883.4983430000138,883.7489085000125,883.7489085000125,883.7489085000125,883.7489085000125,883.7489085000125,883.7489085000125,883.7489085000125,right,1,0.9004397999960929,,,,,826594791,Marcos,2025-09-20_20h04.34.469,css-task,2022.2.1,59.378156320177844,
,,,,,,,,,,,,,,,,,,,,3,0,3,0,5,0,5,0,,,,826594791,,,,,,,,,,,,,,heterogeneous,color-shape,4,color,circle,blue,switch,left,1,0,,,,,,,884.6653194999672,885.0150457000127,885.0150457000127,885.2655173999956,885.2655173999956,885.2655173999956,885.2655173999956,885.2655173999956,885.2655173999956,885.2655173999956,left,1,0.5506355999968946,,,,,826594791,Marcos,2025-09-20_20h04.34.469,css-task,2022.2.1,59.378156320177844,
,,,,,,,,,,,,,,,,,,,,3,0,3,0,6,0,6,0,,,,826594791,,,,,,,,,,,,,,heterogeneous,color-shape,4,shape,circle,green,switch,left,1,0,,,,,,,885.8323867999716,886.1817354999948,886.1817354999948,886.4313489000197,886.4313489000197,886.4313489000197,886.4313489000197,886.4313489000197,886.4313489000197,886.4313489000197,left,1,1.2171562999719754,,,,,826594791,Marcos,2025-09-20_20h04.34.469,css-task,2022.2.1,59.378156320177844,
,,,,,,,,,,,,,,,,,,,,3,0,3,0,7,0,7,0,,,,826594791,,,,,,,,,,,,,,heterogeneous,color-shape,4,color,circle,blue,switch,left,1,0,,,,,,,887.6650303999777,888.0151254999801,888.0151254999801,888.2651767000207,888.2651767000207,888.2651767000207,888.2651767000207,888.2651767000207,888.2651767000207,888.2651767000207,left,1,0.4333828999660909,,,,,826594791,Marcos,2025-09-20_20h04.34.469,css-task,2022.2.1,59.378156320177844,
,,,,,,,,,,,,,,,,,,,,3,0,3,0,8,0,8,0,,,,826594791,,,,,,,,,,,,,,heterogeneous,color-shape,4,shape,triangle,green,switch,right,0,1,,,,,,,888.7140614999807,889.0653295000084,889.0653295000084,889.3150575999753,889.3150575999753,889.3150575999753,889.3150575999753,889.3150575999753,889.3150575999753,889.3150575999753,right,1,0.41705319995526224,,,,,826594791,Marcos,2025-09-20_20h04.34.469,css-task,2022.2.1,59.378156320177844,
,,,,,,,,,,,,,,,,,,,,3,0,3,0,9,0,9,0,,,,826594791,,,,,,,,,,,,,,heterogeneous,color-shape,4,color,triangle,blue,switch,left,0,1,,,,,,,889.7477608000045,890.0987499000039,890.0987499000039,890.3486042000004,890.3486042000004,890.3486042000004,890.3486042000004,890.3486042000004,890.3486042000004,890.3486042000004,left,1,1.284045199980028,,,,,826594791,Marcos,2025-09-20_20h04.34.469,css-task,2022.2.1,59.378156320177844,
,,,,,,,,,,,,,,,,,,,,3,0,3,0,10,0,10,0,,,,826594791,,,,,,,,,,,,,,heterogeneous,color-shape,4,shape,circle,blue,switch,left,1,0,,,,,,,891.6484394000145,891.997975700011,891.997975700011,892.2488852000097,892.2488852000097,892.2488852000097,892.2488852000097,892.2488852000097,892.2488852000097,892.2488852000097,left,1,1.6656696000136435,,,,,826594791,Marcos,2025-09-20_20h04.34.469,css-task,2022.2.1,59.378156320177844,
,,,,,,,,,,,,,,,,,,,,3,0,3,0,11,0,11,0,,,,826594791,,,,,,,,,,,,,,heterogeneous,color-shape,4,shape,circle,green,no-switch,left,1,0,,,,,,,893.9308447000221,894.2653652000008,894.2819443999906,894.5323884999962,894.5323884999962,894.5323884999962,894.5323884999962,894.5323884999962,894.5323884999962,894.5323884999962,left,1,0.8155428999452852,,,,,826594791,Marcos,2025-09-20_20h04.34.469,css-task,2022.2.1,59.378156320177844,
,,,,,,,,,,,,,,,,,,,,3,0,3,0,12,0,12,0,,,,826594791,,,,,,,,,,,,,,heterogeneous,color-shape,4,color,triangle,green,switch,right,0,1,,,,,,,895.3639063999872,895.7143546000007,895.7143546000007,895.9485088000074,895.9485088000074,895.9485088000074,895.9485088000074,895.9485088000074,895.9485088000074,895.9485088000074,right,1,0.5330210999818519,,,,,826594791,Marcos,2025-09-20_20h04.34.469,css-task,2022.2.1,59.378156320177844,
,,,,,,,,,,,,,,,,,,,,3,0,3,0,13,0,13,0,,,,826594791,,,,,,,,,,,,,,heterogeneous,color-shape,4,shape,circle,blue,switch,left,1,0,,,,,,,896.4979177999776,896.8477692999877,896.8477692999877,897.0987836999702,897.0987836999702,897.0987836999702,897.0987836999702,897.0987836999702,897.0987836999702,897.0987836999702,left,1,0.4500467000179924,,,,,826594791,Marcos,2025-09-20_20h04.34.469,css-task,2022.2.1,59.378156320177844,
,,,,,,,,,,,,,,,,,,,,3,0,3,0,14,0,14,0,,,,826594791,,,,,,,,,,,,,,heterogeneous,color-shape,4,color,circle,blue,switch,left,1,0,,,,,,,897.5646006999887,897.8978934999905,897.914333099965,898.163853999984,898.163853999984,898.163853999984,898.163853999984,898.163853999984,898.163853999984,898.163853999984,left,1,0.48405849997652695,,,,,826594791,Marcos,2025-09-20_20h04.34.469,css-task,2022.2.1,59.378156320177844,
,,,,,,,,,,,,,,,,,,,,3,0,3,0,15,0,15,0,,,,826594791,,,,,,,,,,,,,,heterogeneous,color-shape,4,color,triangle,blue,no-switch,left,0,1,,,,,,,898.6638101999997,898.9973996999906,899.0147757999948,899.2471221999731,899.2471221999731,899.2471221999731,899.2471221999731,899.2471221999731,899.2471221999731,899.2471221999731,left,1,0.43425099999876693,,,,,826594791,Marcos,2025-09-20_20h04.34.469,css-task,2022.2.1,59.378156320177844,
,,,,,,,,,,,,,,,,,,,,3,0,3,0,16,0,16,0,,,,826594791,,,,,,,,,,,,,,heterogeneous,color-shape,4,shape,circle,green,switch,left,1,0,,,,,,,899.6973196999752,900.0314571000054,900.0470260999864,900.2813546999823,900.2813546999823,900.2813546999823,900.2813546999823,900.2813546999823,900.2813546999823,900.2813546999823,left,1,0.7831015999545343,,,,,826594791,Marcos,2025-09-20_20h04.34.469,css-task,2022.2.1,59.378156320177844,
,,,,,,,,,,,,,,,,,,,,3,0,3,0,17,0,17,0,,,,826594791,,,,,,,,,,,,,,heterogeneous,color-shape,4,color,circle,blue,switch,left,1,0,,,,,,,901.0801850999705,901.414706200012,901.4308850999805,901.6808458999731,901.6808458999731,901.6808458999731,901.6808458999731,901.6808458999731,901.6808458999731,901.6808458999731,left,1,0.41665570001350716,,,,,826594791,Marcos,2025-09-20_20h04.34.469,css-task,2022.2.1,59.378156320177844,
,,,,,,,,,,,,,,,,,,,,3,0,3,0,18,0,18,0,,,,826594791,,,,,,,,,,,,,,heterogeneous,color-shape,4,color,triangle,green,no-switch,right,0,1,,,,,,,902.1138459999929,902.4482839999837,902.4643827999826,902.6977927999687,902.6977927999687,902.6977927999687,902.6977927999687,902.6977927999687,902.6977927999687,902.6977927999687,right,1,0.7496063000289723,,,,,826594791,Marcos,2025-09-20_20h04.34.469,css-task,2022.2.1,59.378156320177844,
,,,,,,,,,,,,,,,,,,,,3,0,3,0,19,0,19,0,,,,826594791,,,,,,,,,,,,,,heterogeneous,color-shape,4,color,triangle,blue,no-switch,left,0,1,,,,,,,903.4633345999755,903.7969699999667,903.8138840000029,904.0474222999765,904.0474222999765,904.0474222999765,904.0474222999765,904.0474222999765,904.0474222999765,904.0474222999765,left,1,0.684200499963481,,,,,826594791,Marcos,2025-09-20_20h04.34.469,css-task,2022.2.1,59.378156320177844,
,,,,,,,,,,,,,,,,,,,,3,0,3,0,20,0,20,0,,,,826594791,,,,,,,,,,,,,,heterogeneous,color-shape,4,shape,circle,blue,switch,left,1,0,,,,,,,904.7470410999958,905.0978798000142,905.0978798000142,905.3301854999736,905.3301854999736,905.3301854999736,905.3301854999736,905.3301854999736,905.3301854999736,905.3301854999736,left,1,1.9009282000479288,,,,,826594791,Marcos,2025-09-20_20h04.34.469,css-task,2022.2.1,59.378156320177844,
,,,,,,,,,,,,,,,,,,,,3,0,3,0,21,0,21,0,,,,826594791,,,,,,,,,,,,,,heterogeneous,color-shape,4,shape,circle,blue,no-switch,left,1,0,,,,,,,907.2470578000066,907.5985221000155,907.5985221000155,907.8482158000115,907.8482158000115,907.8482158000115,907.8482158000115,907.8482158000115,907.8482158000115,907.8482158000115,left,1,0.5656873999978416,,,,,826594791,Marcos,2025-09-20_20h04.34.469,css-task,2022.2.1,59.378156320177844,
,,,,,,,,,,,,,,,,,,,,3,0,3,0,22,0,22,0,,,,826594791,,,,,,,,,,,,,,heterogeneous,color-shape,4,shape,circle,blue,no-switch,left,1,0,,,,,,,908.4302066999953,908.7799887000001,908.7799887000001,909.0145152999903,909.0145152999903,909.0145152999903,909.0145152999903,909.0145152999903,909.0145152999903,909.0145152999903,left,1,1.4841713000205345,,,,,826594791,Marcos,2025-09-20_20h04.34.469,css-task,2022.2.1,59.378156320177844,
,,,,,,,,,,,,,,,,,,,,3,0,3,0,23,0,23,0,,,,826594791,,,,,,,,,,,,,,heterogeneous,color-shape,4,color,triangle,blue,switch,left,0,1,,,,,,,910.5133020000067,910.8640775000094,910.8640775000094,911.13279220002,911.13279220002,911.13279220002,911.13279220002,911.13279220002,911.13279220002,911.13279220002,left,1,3.665554700011853,,,,,826594791,Marcos,2025-09-20_20h04.34.469,css-task,2022.2.1,59.378156320177844,
,,,,,,,,,,,,,,,,,,,,3,0,3,0,24,0,24,0,,,,826594791,,,,,,,,,,,,,,heterogeneous,color-shape,4,shape,triangle,green,switch,right,0,1,,,,,,,914.8138896999881,915.1479456999805,915.1650587000186,915.4143647999736,915.4143647999736,915.4143647999736,915.4143647999736,915.4143647999736,915.4143647999736,915.4143647999736,right,1,0.6340212999493815,,,,,826594791,Marcos,2025-09-20_20h04.34.469,css-task,2022.2.1,59.378156320177844,
,,,,,,,,,,,,,,,,,,,,3,0,3,0,25,0,25,0,,,,826594791,,,,,,,,,,,,,,heterogeneous,color-shape,4,shape,circle,green,no-switch,left,1,0,,,,,,,916.0641594000044,916.4142628000118,916.4142628000118,916.6641968999757,916.6641968999757,916.6641968999757,916.6641968999757,916.6641968999757,916.6641968999757,916.6641968999757,left,1,1.1842188999871723,,,,,826594791,Marcos,2025-09-20_20h04.34.469,css-task,2022.2.1,59.378156320177844,
,,,,,,,,,,,,,,,,,,,,3,0,3,0,26,0,26,0,,,,826594791,,,,,,,,,,,,,,heterogeneous,color-shape,4,shape,circle,green,no-switch,left,1,0,,,,,,,917.8642784999683,918.2131956999656,918.2131956999656,918.4630536999903,918.4630536999903,918.4630536999903,918.4630536999903,918.4630536999903,918.4630536999903,918.4630536999903,left,1,0.8671802000026219,,,,,826594791,Marcos,2025-09-20_20h04.34.469,css-task,2022.2.1,59.378156320177844,
,,,,,,,,,,,,,,,,,,,,3,0,3,0,27,0,27,0,,,,826594791,,,,,,,,,,,,,,heterogeneous,color-shape,4,color,circle,green,switch,right,1,0,,,,,,,919.3462553999852,919.6801425999729,919.6970325000002,919.9472121999715,919.9472121999715,919.9472121999715,919.9472121999715,919.9472121999715,919.9472121999715,919.9472121999715,right,1,1.1501017999835312,,,,,826594791,Marcos,2025-09-20_20h04.34.469,css-task,2022.2.1,59.378156320177844,
,,,,,,,,,,,,,,,,,,,,3,0,3,0,28,0,28,0,,,,826594791,,,,,,,,,,,,,,heterogeneous,color-shape,4,shape,circle,green,switch,left,1,0,,,,,,,921.1126870000153,921.4630800000159,921.4630800000159,921.7133531,921.7133531,921.7133531,921.7133531,921.7133531,921.7133531,921.7133531,left,1,1.2002863000379875,,,,,826594791,Marcos,2025-09-20_20h04.34.469,css-task,2022.2.1,59.378156320177844,
,,,,,,,,,,,,,,,,,,,,3,0,3,0,29,0,29,0,,,,826594791,,,,,,,,,,,,,,heterogeneous,color-shape,4,color,circle,blue,switch,left,1,0,,,,,,,922.9294354000012,923.2789957000059,923.2789957000059,923.5306087000063,923.5306087000063,923.5306087000063,923.5306087000063,923.5306087000063,923.5306087000063,923.5306087000063,left,1,0.4328353999881074,,,,,826594791,Marcos,2025-09-20_20h04.34.469,css-task,2022.2.1,59.378156320177844,
,,,,,,,,,,,,,,,,,,,,3,0,3,0,30,0,30,0,,,,826594791,,,,,,,,,,,,,,heterogeneous,color-shape,4,shape,triangle,blue,switch,right,0,1,,,,,,,923.9791149999946,924.3299691000138,924.3299691000138,924.5796066999901,924.5796066999901,924.5796066999901,924.5796066999901,924.5796066999901,924.5796066999901,924.5796066999901,right,1,1.0507188999908976,,,,,826594791,Marcos,2025-09-20_20h04.34.469,css-task,2022.2.1,59.378156320177844,
,,,,,,,,,,,,,,,,,,,,3,0,3,0,31,0,31,0,,,,826594791,,,,,,,,,,,,,,heterogeneous,color-shape,4,color,triangle,blue,switch,left,0,1,,,,,,,925.6456644000136,925.996925799991,925.996925799991,926.2463308000006,926.2463308000006,926.2463308000006,926.2463308000006,926.2463308000006,926.2463308000006,926.2463308000006,left,1,0.8833226999850012,,,,,826594791,Marcos,2025-09-20_20h04.34.469,css-task,2022.2.1,59.378156320177844,
,,,,,,,,,,,,,,,,,,,,3,0,3,0,32,0,32,0,,,,826594791,,,,,,,,,,,,,,heterogeneous,color-shape,4,color,circle,green,no-switch,right,1,0,,,,,,,927.1455658000195,927.4790912999888,927.4961383999907,927.745748699992,927.745748699992,927.745748699992,927.745748699992,927.745748699992,927.745748699992,927.745748699992,right,1,1.1840470000170171,,,,,826594791,Marcos,2025-09-20_20h04.34.469,css-task,2022.2.1,59.378156320177844,
,,,,,,,,,,,,,,,,,,,,3,0,3,0,33,0,33,0,,,,826594791,,,,,,,,,,,,,,heterogeneous,color-shape,4,color,triangle,green,no-switch,right,0,1,,,,,,,928.9453931999742,929.2962607999798,929.2962607999798,929.5291654000175,929.5291654000175,929.5291654000175,929.5291654000175,929.5291654000175,929.5291654000175,929.5291654000175,right,1,0.9177213999792002,,,,,826594791,Marcos,2025-09-20_20h04.34.469,css-task,2022.2.1,59.378156320177844,
,,,,,,,,,,,,,,,,,,,,3,0,3,0,34,0,34,0,,,,826594791,,,,,,,,,,,,,,heterogeneous,color-shape,4,color,circle,blue,no-switch,left,1,0,,,,,,,930.462568100018,930.812881299993,930.812881299993,931.0629874999868,931.0629874999868,931.0629874999868,931.0629874999868,931.0629874999868,931.0629874999868,931.0629874999868,left,1,0.4847412999952212,,,,,826594791,Marcos,2025-09-20_20h04.34.469,css-task,2022.2.1,59.378156320177844,
,,,,,,,,,,,,,,,,,,,,3,0,3,0,35,0,35,0,,,,826594791,,,,,,,,,,,,,,heterogeneous,color-shape,4,color,triangle,blue,no-switch,left,0,1,,,,,,,931.5629480999778,931.912802900013,931.912802900013,932.1625579000101,932.1625579000101,932.1625579000101,932.1625579000101,932.1625579000101,932.1625579000101,932.1625579000101,left,1,0.9005985999829136,,,,,826594791,Marcos,2025-09-20_20h04.34.469,css-task,2022.2.1,59.378156320177844,
,,,,,,,,,,,,,,,,,,,,3,0,3,0,36,0,36,0,,,,826594791,,,,,,,,,,,,,,heterogeneous,color-shape,4,color,triangle,green,no-switch,right,0,1,,,,,,,933.0790408999892,933.4294660000014,933.4294660000014,933.6794842999661,933.6794842999661,933.6794842999661,933.6794842999661,933.6794842999661,933.6794842999661,933.6794842999661,right,1,1.049983799981419,,,,,826594791,Marcos,2025-09-20_20h04.34.469,css-task,2022.2.1,59.378156320177844,
,,,,,,,,,,,,,,,,,,,,3,0,3,0,37,0,37,0,,,,826594791,,,,,,,,,,,,,,heterogeneous,color-shape,4,shape,circle,green,switch,left,1,0,,,,,,,934.7452413999708,935.0798836000031,935.0959698000224,935.3291404999909,935.3291404999909,935.3291404999909,935.3291404999909,935.3291404999909,935.3291404999909,935.3291404999909,left,1,1.7337337999488227,,,,,826594791,Marcos,2025-09-20_20h04.34.469,css-task,2022.2.1,59.378156320177844,
,,,,,,,,,,,,,,,,,,,,3,0,3,0,38,0,38,0,,,,826594791,,,,,,,,,,,,,,heterogeneous,color-shape,4,shape,triangle,blue,no-switch,right,0,1,,,,,,,937.0784694000031,937.4119869999704,937.4289985999931,937.6624430000084,937.6624430000084,937.6624430000084,937.6624430000084,937.6624430000084,937.6624430000084,937.6624430000084,right,1,1.1165160000091419,,,,,826594791,Marcos,2025-09-20_20h04.34.469,css-task,2022.2.1,59.378156320177844,
,,,,,,,,,,,,,,,,,,,,3,0,3,0,39,0,39,0,,,,826594791,,,,,,,,,,,,,,heterogeneous,color-shape,4,shape,triangle,green,no-switch,right,0,1,,,,,,,938.7950924999896,939.1291869999841,939.1463628999772,939.3785588999745,939.3785588999745,939.3785588999745,939.3785588999745,939.3785588999745,939.3785588999745,939.3785588999745,right,1,0.6678847000002861,,,,,826594791,Marcos,2025-09-20_20h04.34.469,css-task,2022.2.1,59.378156320177844,
,,,,,,,,,,,,,,,,,,,,3,0,3,0,40,0,40,0,,,,826594791,,,,,,,,,,,,,,heterogeneous,color-shape,4,color,triangle,blue,switch,left,0,1,,,,,,,940.0622857999988,940.4125605999725,940.4125605999725,940.6625344000058,940.6625344000058,940.6625344000058,940.6625344000058,940.6625344000058,940.6625344000058,940.6625344000058,left,1,4.199935199983884,,,,,826594791,Marcos,2025-09-20_20h04.34.469,css-task,2022.2.1,59.378156320177844,
,,,,,,,,,,,,,,,,,,,,3,0,3,0,41,0,41,0,,,,826594791,,,,,,,,,,,,,,heterogeneous,color-shape,4,shape,circle,blue,switch,left,1,0,,,,,,,944.8779324999778,945.2286079999758,945.2286079999758,945.4620628000121,945.4620628000121,945.4620628000121,945.4620628000121,945.4620628000121,945.4620628000121,945.4620628000121,left,1,4.03392180002993,,,,,826594791,Marcos,2025-09-20_20h04.34.469,css-task,2022.2.1,59.378156320177844,
,,,,,,,,,,,,,,,,,,,,3,0,3,0,42,0,42,0,,,,826594791,,,,,,,,,,,,,,heterogeneous,color-shape,4,shape,circle,green,no-switch,left,1,0,,,,,,,949.5119159999886,949.86263280001,949.86263280001,950.0953628999996,950.0953628999996,950.0953628999996,950.0953628999996,950.0953628999996,950.0953628999996,950.0953628999996,left,1,1.3012140999780968,,,,,826594791,Marcos,2025-09-20_20h04.34.469,css-task,2022.2.1,59.378156320177844,
,,,,,,,,,,,,,,,,,,,,3,0,3,0,43,0,43,0,,,,826594791,,,,,,,,,,,,,,heterogeneous,color-shape,4,color,triangle,blue,switch,left,0,1,,,,,,,951.4112167999847,951.761788200005,951.761788200005,952.0117718999973,952.0117718999973,952.0117718999973,952.0117718999973,952.0117718999973,952.0117718999973,952.0117718999973,left,1,0.6661583000095561,,,,,826594791,Marcos,2025-09-20_20h04.34.469,css-task,2022.2.1,59.378156320177844,
,,,,,,,,,,,,,,,,,,,,3,0,3,0,44,0,44,0,,,,826594791,,,,,,,,,,,,,,heterogeneous,color-shape,4,shape,circle,green,switch,left,1,0,,,,,,,952.6944931999897,953.0449450999731,953.0449450999731,953.2786658999976,953.2786658999976,953.2786658999976,953.2786658999976,953.2786658999976,953.2786658999976,953.2786658999976,left,1,0.6829989000107162,,,,,826594791,Marcos,2025-09-20_20h04.34.469,css-task,2022.2.1,59.378156320177844,
,,,,,,,,,,,,,,,,,,,,3,0,3,0,45,0,45,0,,,,826594791,,,,,,,,,,,,,,heterogeneous,color-shape,4,color,triangle,green,switch,right,0,1,,,,,,,953.9777778999996,954.311510999978,954.3280352000147,954.562198199972,954.562198199972,954.562198199972,954.562198199972,954.562198199972,954.562198199972,954.562198199972,right,1,0.46648279996588826,,,,,826594791,Marcos,2025-09-20_20h04.34.469,css-task,2022.2.1,59.378156320177844,
,,,,,,,,,,,,,,,,,,,,3,0,3,0,46,0,46,0,,,,826594791,,,,,,,,,,,,,,heterogeneous,color-shape,4,color,triangle,green,no-switch,right,0,1,,,,,,,955.0444684000104,955.3947912000003,955.3947912000003,955.6444819999742,955.6444819999742,955.6444819999742,955.6444819999742,955.6444819999742,955.6444819999742,955.6444819999742,right,1,0.43360789999132976,,,,,826594791,Marcos,2025-09-20_20h04.34.469,css-task,2022.2.1,59.378156320177844,
,,,,,,,,,,,,,,,,,,,,3,0,3,0,47,0,47,0,,,,826594791,,,,,,,,,,,,,,heterogeneous,color-shape,4,color,circle,blue,no-switch,left,1,0,,,,,,,956.0940504000173,956.4277257000213,956.4448650999693,956.6779589999933,956.6779589999933,956.6779589999933,956.6779589999933,956.6779589999933,956.6779589999933,956.6779589999933,left,1,0.550424600020051,,,,,826594791,Marcos,2025-09-20_20h04.34.469,css-task,2022.2.1,59.378156320177844,
,,,,,,,,,,,,,,,,,,,,3,0,3,0,48,0,48,0,,,,826594791,,,,,,,,,,,,,,heterogeneous,color-shape,4,color,triangle,blue,no-switch,left,0,1,,,,,,,957.2442705999711,957.5788571999874,957.5945837000036,957.8286898999941,957.8286898999941,957.8286898999941,957.8286898999941,957.8286898999941,957.8286898999941,957.8286898999941,left,1,0.7671083000022918,,,,,826594791,Marcos,2025-09-20_20h04.34.469,css-task,2022.2.1,59.378156320177844,
,,,,,,,,,,,,,,,,,,,,3,0,3,0,49,0,49,0,,,,826594791,,,,,,,,,,,,,,heterogeneous,color-shape,4,color,circle,blue,no-switch,left,1,0,,,,,,,958.6119320999715,958.9608087000088,958.9608087000088,959.211104099988,959.211104099988,959.211104099988,959.211104099988,959.211104099988,959.211104099988,959.211104099988,left,1,0.5361953999963589,,,,,826594791,Marcos,2025-09-20_20h04.34.469,css-task,2022.2.1,59.378156320177844,
,,,,,,,,,,,,,,,,,,,,3,0,3,0,50,0,50,0,,,,826594791,,,,,,,,,,,,,,heterogeneous,color-shape,4,color,triangle,blue,no-switch,left,0,1,,,,,,,959.7621127999737,960.1118146000081,960.1118146000081,960.3607836000156,960.3607836000156,960.3607836000156,960.3607836000156,960.3607836000156,960.3607836000156,960.3607836000156,left,1,0.6173339000088163,,,,,826594791,Marcos,2025-09-20_20h04.34.469,css-task,2022.2.1,59.378156320177844,
,,,,,,,,,,,,,,,,,,,,3,0,3,0,51,0,51,0,,,,826594791,,,,,,,,,,,,,,heterogeneous,color-shape,4,shape,triangle,green,switch,right,0,1,,,,,,,960.9940689000068,961.3285249000182,961.3450589000131,961.5945890999865,961.5945890999865,961.5945890999865,961.5945890999865,961.5945890999865,961.5945890999865,961.5945890999865,right,1,0.5505878000403754,,,,,826594791,Marcos,2025-09-20_20h04.34.469,css-task,2022.2.1,59.378156320177844,
,,,,,,,,,,,,,,,,,,,,3,0,3,0,52,0,52,0,,,,826594791,,,,,,,,,,,,,,heterogeneous,color-shape,4,color,circle,blue,switch,left,1,0,,,,,,,962.1613819000195,962.5104982000194,962.5104982000194,962.761821299966,962.761821299966,962.761821299966,962.761821299966,962.761821299966,962.761821299966,962.761821299966,left,1,0.5336592000094242,,,,,826594791,Marcos,2025-09-20_20h04.34.469,css-task,2022.2.1,59.378156320177844,
,,,,,,,,,,,,,,,,,,,,3,0,3,0,53,0,53,0,,,,826594791,,,,,,,,,,,,,,heterogeneous,color-shape,4,shape,triangle,green,switch,right,0,1,,,,,,,963.310675500019,963.6615513999714,963.6615513999714,963.9115073999856,963.9115073999856,963.9115073999856,963.9115073999856,963.9115073999856,963.9115073999856,963.9115073999856,right,1,0.4828247999539599,,,,,826594791,Marcos,2025-09-20_20h04.34.469,css-task,2022.2.1,59.378156320177844,
,,,,,,,,,,,,,,,,,,,,3,0,3,0,54,0,54,0,,,,826594791,,,,,,,,,,,,,,heterogeneous,color-shape,4,color,triangle,green,switch,right,0,1,,,,,,,964.4108332999749,964.7444557999843,964.7604414999951,965.0105490999995,965.0105490999995,965.0105490999995,965.0105490999995,965.0105490999995,965.0105490999995,965.0105490999995,right,1,0.8174405000172555,,,,,826594791,Marcos,2025-09-20_20h04.34.469,css-task,2022.2.1,59.378156320177844,
,,,,,,,,,,,,,,,,,,,,3,0,3,0,55,0,55,0,,,,826594791,,,,,,,,,,,,,,heterogeneous,color-shape,4,color,triangle,blue,no-switch,left,0,1,,,,,,,965.8438281000126,966.177205200016,966.1935710000107,966.4277724999702,966.4277724999702,966.4277724999702,966.4277724999702,966.4277724999702,966.4277724999702,966.4277724999702,left,1,0.666398300032597,,,,,826594791,Marcos,2025-09-20_20h04.34.469,css-task,2022.2.1,59.378156320177844,
,,,,,,,,,,,,,,,,,,,,3,0,3,0,56,0,56,0,,,,826594791,,,,,,,,,,,,,,heterogeneous,color-shape,4,shape,triangle,green,switch,right,0,1,,,,,,,967.1100610999856,967.4442576000001,967.461147999973,967.6941256999853,967.6941256999853,967.6941256999853,967.6941256999853,967.6941256999853,967.6941256999853,967.6941256999853,right,1,0.450465300003998,,,,,826594791,Marcos,2025-09-20_20h04.34.469,css-task,2022.2.1,59.378156320177844,
,,,,,,,,,,,,,,,,,,,,3,0,3,0,57,0,57,0,,,,826594791,,,,,,,,,,,,,,heterogeneous,color-shape,4,shape,triangle,green,no-switch,right,0,1,,,,,,,968.1611195000005,968.4945346000022,968.5108007999952,968.7442064000061,968.7442064000061,968.7442064000061,968.7442064000061,968.7442064000061,968.7442064000061,968.7442064000061,right,1,0.3669201000011526,,,,,826594791,Marcos,2025-09-20_20h04.34.469,css-task,2022.2.1,59.378156320177844,
,,,,,,,,,,,,,,,,,,,,3,0,3,0,58,0,58,0,,,,826594791,,,,,,,,,,,,,,heterogeneous,color-shape,4,color,triangle,green,switch,right,0,1,,,,,,,969.1275506999809,969.4608277999796,969.4778356999741,969.7271857999731,969.7271857999731,969.7271857999731,969.7271857999731,969.7271857999731,969.7271857999731,969.7271857999731,right,1,0.4173371000215411,,,,,826594791,Marcos,2025-09-20_20h04.34.469,css-task,2022.2.1,59.378156320177844,
,,,,,,,,,,,,,,,,,,,,3,0,3,0,59,0,59,0,,,,826594791,,,,,,,,,,,,,,heterogeneous,color-shape,4,color,triangle,blue,no-switch,left,0,1,,,,,,,970.160036700021,970.4946765999775,970.5104757000227,970.7448534999858,970.7448534999858,970.7448534999858,970.7448534999858,970.7448534999858,970.7448534999858,970.7448534999858,left,1,0.4501633999752812,,,,,826594791,Marcos,2025-09-20_20h04.34.469,css-task,2022.2.1,59.378156320177844,
,,,,,,,,,,,,,,,,,,,,3,0,3,0,60,0,60,0,,,,826594791,,,,,,,,,,,,,,heterogeneous,color-shape,4,shape,triangle,green,switch,right,0,1,,,,,,,971.2107339000213,971.5603776000207,971.5603776000207,971.8109356000205,971.8109356000205,971.8109356000205,971.8109356000205,971.8109356000205,971.8109356000205,971.8109356000205,right,1,0.5836785999708809,,,,,826594791,Marcos,2025-09-20_20h04.34.469,css-task,2022.2.1,59.378156320177844,
,,,,,,,,,,,,,,,,,,,,3,0,3,0,61,0,61,0,,,,826594791,,,,,,,,,,,,,,heterogeneous,color-shape,4,color,triangle,green,switch,right,0,1,,,,,,,972.4097974000033,972.7438610999961,972.7607378999819,973.010357399995,973.010357399995,973.010357399995,973.010357399995,973.010357399995,973.010357399995,973.010357399995,right,1,0.6843381999642588,,,,,826594791,Marcos,2025-09-20_20h04.34.469,css-task,2022.2.1,59.378156320177844,
,,,,,,,,,,,,,,,,,,,,3,0,3,0,62,0,62,0,,,,826594791,,,,,,,,,,,,,,heterogeneous,color-shape,4,color,circle,blue,no-switch,left,1,0,,,,,,,973.7112961999956,974.0607435000129,974.0607435000129,974.310425099975,974.310425099975,974.310425099975,974.310425099975,974.310425099975,974.310425099975,974.310425099975,left,1,0.3502076000440866,,,,,826594791,Marcos,2025-09-20_20h04.34.469,css-task,2022.2.1,59.378156320177844,
,,,,,,,,,,,,,,,,,,,,3,0,3,0,63,0,63,0,,,,826594791,,,,,,,,,,,,,,heterogeneous,color-shape,4,shape,circle,blue,switch,left,1,0,,,,,,,974.6768487999798,975.0269317000057,975.0269317000057,975.277800699987,975.277800699987,975.277800699987,975.277800699987,975.277800699987,975.277800699987,975.277800699987,left,1,0.4007084000040777,,,,,826594791,Marcos,2025-09-20_20h04.34.469,css-task,2022.2.1,59.378156320177844,
,,,,,,,,,,,,,,,,,,,,3,0,3,0,64,0,64,0,,,,826594791,,,,,,,,,,,,,,heterogeneous,color-shape,4,shape,triangle,blue,no-switch,right,0,1,,,,,,,975.6937293999945,976.0439787000068,976.0439787000068,976.2945617999649,976.2945617999649,976.2945617999649,976.2945617999649,976.2945617999649,976.2945617999649,976.2945617999649,left,0,1.015704499965068,,,,,826594791,Marcos,2025-09-20_20h04.34.469,css-task,2022.2.1,59.378156320177844,
,,,,,,,,,,,,,,,,,,,,3,0,3,0,65,0,65,0,,,,826594791,,,,,,,,,,,,,,heterogeneous,color-shape,4,shape,circle,green,no-switch,left,1,0,,,,,,,977.3267924999818,977.6601137999678,977.6764996999991,977.9106604999979,977.9106604999979,977.9106604999979,977.9106604999979,977.9106604999979,977.9106604999979,977.9106604999979,left,1,0.9667149999877438,,,,,826594791,Marcos,2025-09-20_20h04.34.469,css-task,2022.2.1,59.378156320177844,
,,,,,,,,,,,,,,,,,,,,3,0,3,0,66,0,66,0,,,,826594791,,,,,,,,,,,,,,heterogeneous,color-shape,4,color,circle,green,switch,right,1,0,,,,,,,978.8935689000064,979.2435135999694,979.2435135999694,979.4771451000124,979.4771451000124,979.4771451000124,979.4771451000124,979.4771451000124,979.4771451000124,979.4771451000124,right,1,1.0672236999962479,,,,,826594791,Marcos,2025-09-20_20h04.34.469,css-task,2022.2.1,59.378156320177844,
,,,,,,,,,,,,,,,,,,,,3,0,3,0,67,0,67,0,,,,826594791,,,,,,,,,,,,,,heterogeneous,color-shape,4,color,triangle,blue,no-switch,left,0,1,,,,,,,980.5600114999688,980.9101568000042,980.9101568000042,981.1596740999958,981.1596740999958,981.1596740999958,981.1596740999958,981.1596740999958,981.1596740999958,981.1596740999958,left,1,0.8337691000197083,,,,,826594791,Marcos,2025-09-20_20h04.34.469,css-task,2022.2.1,59.378156320177844,
,,,,,,,,,,,,,,,,,,,,3,0,3,0,68,0,68,0,,,,826594791,,,,,,,,,,,,,,heterogeneous,color-shape,4,color,triangle,blue,no-switch,left,0,1,,,,,,,982.0098591999849,982.3439444999676,982.3605956999818,982.5935978000052,982.5935978000052,982.5935978000052,982.5935978000052,982.5935978000052,982.5935978000052,982.5935978000052,left,1,0.4673022000351921,,,,,826594791,Marcos,2025-09-20_20h04.34.469,css-task,2022.2.1,59.378156320177844,
,,,,,,,,,,,,,,,,,,,,3,0,3,0,69,0,69,0,,,,826594791,,,,,,,,,,,,,,heterogeneous,color-shape,4,color,circle,blue,no-switch,left,1,0,,,,,,,983.0764032999869,983.4274350000196,983.4274350000196,983.6776490000193,983.6776490000193,983.6776490000193,983.6776490000193,983.6776490000193,983.6776490000193,983.6776490000193,left,1,0.5163728999905288,,,,,826594791,Marcos,2025-09-20_20h04.34.469,css-task,2022.2.1,59.378156320177844,
,,,,,,,,,,,,,,,,,,,,3,0,3,0,70,0,70,0,,,,826594791,,,,,,,,,,,,,,heterogeneous,color-shape,4,shape,triangle,green,switch,right,0,1,,,,,,,984.2095881999703,984.5439100000076,984.5601596999913,984.810719400004,984.810719400004,984.810719400004,984.810719400004,984.810719400004,984.810719400004,984.810719400004,right,1,0.6338843000121415,,,,,826594791,Marcos,2025-09-20_20h04.34.469,css-task,2022.2.1,59.378156320177844,
,,,,,,,,,,,,,,,,,,,,3,0,3,0,71,0,71,0,,,,826594791,,,,,,,,,,,,,,heterogeneous,color-shape,4,color,triangle,green,switch,right,0,1,,,,,,,985.4596440999885,985.810277600016,985.810277600016,986.0607573000016,986.0607573000016,986.0607573000016,986.0607573000016,986.0607573000016,986.0607573000016,986.0607573000016,right,1,0.8991042000125162,,,,,826594791,Marcos,2025-09-20_20h04.34.469,css-task,2022.2.1,59.378156320177844,
,,,,,,,,,,,,,,,,,,,,3,0,3,0,72,0,72,0,,,,826594791,,,,,,,,,,,,,,heterogeneous,color-shape,4,shape,circle,blue,switch,left,1,0,,,,,,,986.9762673999649,987.3270788000082,987.3270788000082,987.576515099965,987.576515099965,987.576515099965,987.576515099965,987.576515099965,987.576515099965,987.576515099965,left,1,0.5017715999856591,,,,,826594791,Marcos,2025-09-20_20h04.34.469,css-task,2022.2.1,59.378156320177844,
,,,,,,,,,,,,,,,,,,,,3,0,3,0,73,0,73,0,,,,826594791,,,,,,,,,,,,,,heterogeneous,color-shape,4,color,circle,blue,switch,left,1,0,,,,,,,988.0936919999658,988.4439183999784,988.4439183999784,988.6934060999774,988.6934060999774,988.6934060999774,988.6934060999774,988.6934060999774,988.6934060999774,988.6934060999774,left,1,0.6830477999756113,,,,,826594791,Marcos,2025-09-20_20h04.34.469,css-task,2022.2.1,59.378156320177844,
,,,,,,,,,,,,,,,,,,,,3,0,3,0,74,0,74,0,,,,826594791,,,,,,,,,,,,,,heterogeneous,color-shape,4,color,triangle,green,no-switch,right,0,1,,,,,,,989.3930527999764,989.7434116000077,989.7434116000077,989.9768407999654,989.9768407999654,989.9768407999654,989.9768407999654,989.9768407999654,989.9768407999654,989.9768407999654,right,1,0.8016212999937125,,,,,826594791,Marcos,2025-09-20_20h04.34.469,css-task,2022.2.1,59.378156320177844,
,,,,,,,,,,,,,,,,,,,,3,0,3,0,75,0,75,0,,,,826594791,,,,,,,,,,,,,,heterogeneous,color-shape,4,color,circle,green,no-switch,right,1,0,,,,,,,990.7925065999734,991.143341100018,991.143341100018,991.3934580999776,991.3934580999776,991.3934580999776,991.3934580999776,991.3934580999776,991.3934580999776,991.3934580999776,right,1,0.9185302999685518,,,,,826594791,Marcos,2025-09-20_20h04.34.469,css-task,2022.2.1,59.378156320177844,
,,,,,,,,,,,,,,,,,,,,3,0,3,0,76,0,76,0,,,,826594791,,,,,,,,,,,,,,heterogeneous,color-shape,4,shape,circle,green,switch,left,1,0,,,,,,,992.3264091999736,992.6765124999802,992.6765124999802,992.926312799973,992.926312799973,992.926312799973,992.926312799973,992.926312799973,992.926312799973,992.926312799973,left,1,1.0167003000387922,,,,,826594791,Marcos,2025-09-20_20h04.34.469,css-task,2022.2.1,59.378156320177844,
,,,,,,,,,,,,,,,,,,,,3,0,3,0,77,0,77,0,,,,826594791,,,,,,,,,,,,,,heterogeneous,color-shape,4,color,triangle,green,switch,right,0,1,,,,,,,993.959104700014,994.2928941000137,994.3095029999968,994.5426512999693,994.5426512999693,994.5426512999693,994.5426512999693,994.5426512999693,994.5426512999693,994.5426512999693,right,1,0.6499047999968752,,,,,826594791,Marcos,2025-09-20_20h04.34.469,css-task,2022.2.1,59.378156320177844,
,,,,,,,,,,,,,,,,,,,,3,0,3,0,78,0,78,0,,,,826594791,,,,,,,,,,,,,,heterogeneous,color-shape,4,color,triangle,green,no-switch,right,0,1,,,,,,,995.2090362000163,995.5426024000044,995.5590558999684,995.7935324999853,995.7935324999853,995.7935324999853,995.7935324999853,995.7935324999853,995.7935324999853,995.7935324999853,right,1,0.5496530000236817,,,,,826594791,Marcos,2025-09-20_20h04.34.469,css-task,2022.2.1,59.378156320177844,
,,,,,,,,,,,,,,,,,,,,3,0,3,0,79,0,79,0,,,,826594791,,,,,,,,,,,,,,heterogeneous,color-shape,4,color,circle,green,no-switch,right,1,0,,,,,,,996.3597097999882,996.6936457999982,996.7098358999938,996.9597229000065,996.9597229000065,996.9597229000065,996.9597229000065,996.9597229000065,996.9597229000065,996.9597229000065,right,1,1.2341702000121586,,,,,826594791,Marcos,2025-09-20_20h04.34.469,css-task,2022.2.1,59.378156320177844,
,,,,,,,,,,,,,,,,,,,,3,0,3,0,80,0,80,0,,,,826594791,,,,,,,,,,,,,,heterogeneous,color-shape,4,color,circle,green,no-switch,right,1,0,,,,,,,998.209854100016,998.5595899000182,998.5595899000182,998.8089250000194,998.8089250000194,998.8089250000194,998.8089250000194,998.8089250000194,998.8089250000194,998.8089250000194,right,1,0.38382519996957853,,,,,826594791,Marcos,2025-09-20_20h04.34.469,css-task,2022.2.1,59.378156320177844,
,,,,,,,,,,,,,,,,,,,,3,0,3,0,81,0,81,0,,,,826594791,,,,,,,,,,,,,,heterogeneous,color-shape,4,shape,circle,blue,switch,left,1,0,,,,,,,999.2088611000217,999.5422872999916,999.5593926999718,999.8097550999955,999.8097550999955,999.8097550999955,999.8097550999955,999.8097550999955,999.8097550999955,999.8097550999955,left,1,0.5671112000127323,,,,,826594791,Marcos,2025-09-20_20h04.34.469,css-task,2022.2.1,59.378156320177844,
,,,,,,,,,,,,,,,,,,,,3,0,3,0,82,0,82,0,,,,826594791,,,,,,,,,,,,,,heterogeneous,color-shape,4,shape,circle,green,no-switch,left,1,0,,,,,,,1000.3926231000223,1000.7429578999872,1000.7429578999872,1000.9929563999758,1000.9929563999758,1000.9929563999758,1000.9929563999758,1000.9929563999758,1000.9929563999758,1000.9929563999758,left,1,1.068133900000248,,,,,826594791,Marcos,2025-09-20_20h04.34.469,css-task,2022.2.1,59.378156320177844,
,,,,,,,,,,,,,,,,,,,,3,0,3,0,83,0,83,0,,,,826594791,,,,,,,,,,,,,,heterogeneous,color-shape,4,color,circle,blue,switch,left,1,0,,,,,,,1002.0755702999886,1002.4263045999687,1002.4263045999687,1002.6769200999988,1002.6769200999988,1002.6769200999988,1002.6769200999988,1002.6769200999988,1002.6769200999988,1002.6769200999988,left,1,0.7668680000351742,,,,,826594791,Marcos,2025-09-20_20h04.34.469,css-task,2022.2.1,59.378156320177844,
,,,,,,,,,,,,,,,,,,,,3,0,3,0,84,0,84,0,,,,826594791,,,,,,,,,,,,,,heterogeneous,color-shape,4,shape,triangle,blue,switch,right,0,1,,,,,,,1003.4597775000148,1003.8090763000073,1003.8090763000073,1004.0585780999972,1004.0585780999972,1004.0585780999972,1004.0585780999972,1004.0585780999972,1004.0585780999972,1004.0585780999972,right,1,1.2184669999987818,,,,,826594791,Marcos,2025-09-20_20h04.34.469,css-task,2022.2.1,59.378156320177844,
,,,,,,,,,,,,,,,,,,,,3,0,3,0,85,0,85,0,,,,826594791,,,,,,,,,,,,,,heterogeneous,color-shape,4,shape,circle,blue,no-switch,left,1,0,,,,,,,1005.2921605000156,1005.6425153000164,1005.6425153000164,1005.8924435999943,1005.8924435999943,1005.8924435999943,1005.8924435999943,1005.8924435999943,1005.8924435999943,1005.8924435999943,left,1,2.3498867000453174,,,,,826594791,Marcos,2025-09-20_20h04.34.469,css-task,2022.2.1,59.378156320177844,
,,,,,,,,,,,,,,,,,,,,3,0,3,0,86,0,86,0,,,,826594791,,,,,,,,,,,,,,heterogeneous,color-shape,4,color,circle,green,switch,right,1,0,,,,,,,1008.2587664999883,1008.5925517000142,1008.6087386999861,1008.8418764999951,1008.8418764999951,1008.8418764999951,1008.8418764999951,1008.8418764999951,1008.8418764999951,1008.8418764999951,right,1,0.9848627999890596,,,,,826594791,Marcos,2025-09-20_20h04.34.469,css-task,2022.2.1,59.378156320177844,
,,,,,,,,,,,,,,,,,,,,3,0,3,0,87,0,87,0,,,,826594791,,,,,,,,,,,,,,heterogeneous,color-shape,4,shape,circle,blue,switch,left,1,0,,,,,,,1009.8420599999954,1010.1915419999859,1010.1915419999859,1010.4415895999991,1010.4415895999991,1010.4415895999991,1010.4415895999991,1010.4415895999991,1010.4415895999991,1010.4415895999991,left,1,1.0005910000181757,,,,,826594791,Marcos,2025-09-20_20h04.34.469,css-task,2022.2.1,59.378156320177844,
,,,,,,,,,,,,,,,,,,,,3,0,3,0,88,0,88,0,,,,826594791,,,,,,,,,,,,,,heterogeneous,color-shape,4,shape,circle,green,no-switch,left,1,0,,,,,,,1011.4583288999856,1011.8087388999993,1011.8087388999993,1012.0427325000055,1012.0427325000055,1012.0427325000055,1012.0427325000055,1012.0427325000055,1012.0427325000055,1012.0427325000055,left,1,0.8661067999782972,,,,,826594791,Marcos,2025-09-20_20h04.34.469,css-task,2022.2.1,59.378156320177844,
,,,,,,,,,,,,,,,,,,,,3,0,3,0,89,0,89,0,,,,826594791,,,,,,,,,,,,,,heterogeneous,color-shape,4,shape,circle,blue,no-switch,left,1,0,,,,,,,1012.9257618999691,1013.2758308000048,1013.2758308000048,1013.5087487999699,1013.5087487999699,1013.5087487999699,1013.5087487999699,1013.5087487999699,1013.5087487999699,1013.5087487999699,left,1,0.40055939997546375,,,,,826594791,Marcos,2025-09-20_20h04.34.469,css-task,2022.2.1,59.378156320177844,
,,,,,,,,,,,,,,,,,,,,3,0,3,0,90,0,90,0,,,,826594791,,,,,,,,,,,,,,heterogeneous,color-shape,4,color,triangle,blue,switch,left,0,1,,,,,,,1013.9252331000171,1014.2753939999966,1014.2753939999966,1014.5090766000212,1014.5090766000212,1014.5090766000212,1014.5090766000212,1014.5090766000212,1014.5090766000212,1014.5090766000212,left,1,0.8832961000152864,,,,,826594791,Marcos,2025-09-20_20h04.34.469,css-task,2022.2.1,59.378156320177844,
,,,,,,,,,,,,,,,,,,,,3,0,3,0,91,0,91,0,,,,826594791,,,,,,,,,,,,,,heterogeneous,color-shape,4,color,triangle,green,no-switch,right,0,1,,,,,,,1015.4080732999719,1015.7417274999898,1015.7587473000167,1016.0081577000092,1016.0081577000092,1016.0081577000092,1016.0081577000092,1016.0081577000092,1016.0081577000092,1016.0081577000092,right,1,0.8508297000080347,,,,,826594791,Marcos,2025-09-20_20h04.34.469,css-task,2022.2.1,59.378156320177844,
,,,,,,,,,,,,,,,,,,,,3,0,3,0,92,0,92,0,,,,826594791,,,,,,,,,,,,,,heterogeneous,color-shape,4,color,circle,blue,no-switch,left,1,0,,,,,,,1016.8744135000161,1017.2259141000104,1017.2259141000104,1017.4756278999848,1017.4756278999848,1017.4756278999848,1017.4756278999848,1017.4756278999848,1017.4756278999848,1017.4756278999848,left,1,1.7999366000294685,,,,,826594791,Marcos,2025-09-20_20h04.34.469,css-task,2022.2.1,59.378156320177844,
,,,,,,,,,,,,,,,,,,,,3,0,3,0,93,0,93,0,,,,826594791,,,,,,,,,,,,,,heterogeneous,color-shape,4,color,triangle,green,no-switch,right,0,1,,,,,,,1019.291738800006,1019.6411072000046,1019.6411072000046,1019.8914909000159,1019.8914909000159,1019.8914909000159,1019.8914909000159,1019.8914909000159,1019.8914909000159,1019.8914909000159,right,1,2.617863200022839,,,,,826594791,Marcos,2025-09-20_20h04.34.469,css-task,2022.2.1,59.378156320177844,
,,,,,,,,,,,,,,,,,,,,3,0,3,0,94,0,94,0,,,,826594791,,,,,,,,,,,,,,heterogeneous,color-shape,4,color,circle,green,no-switch,right,1,0,,,,,,,1022.5244588999776,1022.8744563999935,1022.8744563999935,1023.1244290000177,1023.1244290000177,1023.1244290000177,1023.1244290000177,1023.1244290000177,1023.1244290000177,1023.1244290000177,right,1,2.268347300007008,,,,,826594791,Marcos,2025-09-20_20h04.34.469,css-task,2022.2.1,59.378156320177844,
,,,,,,,,,,,,,,,,,,,,3,0,3,0,95,0,95,0,,,,826594791,,,,,,,,,,,,,,heterogeneous,color-shape,4,color,triangle,green,no-switch,right,0,1,,,,,,,1025.4081486000214,1025.7587609000038,1025.7587609000038,1026.0080177999916,1026.0080177999916,1026.0080177999916,1026.0080177999916,1026.0080177999916,1026.0080177999916,1026.0080177999916,right,1,0.917287300049793,,,,,826594791,Marcos,2025-09-20_20h04.34.469,css-task,2022.2.1,59.378156320177844,
,,,,,,,,,,,,,,,,,,,,3,0,3,0,96,0,96,0,,,,826594791,,,,,,,,,,,,,,heterogeneous,color-shape,4,shape,triangle,blue,switch,right,0,1,,,,,,,1026.9409262000117,1027.2756801000214,1027.2910903000156,1027.541312300018,1027.541312300018,1027.541312300018,1027.541312300018,1027.541312300018,1027.541312300018,1027.541312300018,left,0,0.4840306999976747,,,,,826594791,Marcos,2025-09-20_20h04.34.469,css-task,2022.2.1,59.378156320177844,
,,,,,,,,,,,,,,,,,,,,3,0,3,0,97,0,97,0,,,,826594791,,,,,,,,,,,,,,heterogeneous,color-shape,4,shape,triangle,green,no-switch,right,0,1,,,,,,,1028.0411320999847,1028.3914034999907,1028.3914034999907,1028.6417483999976,1028.6417483999976,1028.6417483999976,1028.6417483999976,1028.6417483999976,1028.6417483999976,1028.6417483999976,right,1,0.683434100006707,,,,,826594791,Marcos,2025-09-20_20h04.34.469,css-task,2022.2.1,59.378156320177844,
,,,,,,,,,,,,,,,,,,,,3,0,3,0,98,0,98,0,,,,826594791,,,,,,,,,,,,,,heterogeneous,color-shape,4,shape,triangle,green,no-switch,right,0,1,,,,,,,1029.3417663999717,1029.6911118999706,1029.6911118999706,1029.9417290000129,1029.9417290000129,1029.9417290000129,1029.9417290000129,1029.9417290000129,1029.9417290000129,1029.9417290000129,right,1,0.3829167999792844,,,,,826594791,Marcos,2025-09-20_20h04.34.469,css-task,2022.2.1,59.378156320177844,
,,,,,,,,,,,,,,,,,,,,3,0,3,0,99,0,99,0,,,,826594791,,,,,,,,,,,,,,heterogeneous,color-shape,4,shape,circle,green,no-switch,left,1,0,,,,,,,1030.3411015999736,1030.6746379999677,1030.6910819999757,1030.9246057000128,1030.9246057000128,1030.9246057000128,1030.9246057000128,1030.9246057000128,1030.9246057000128,1030.9246057000128,left,1,0.7506036999984644,,,,,826594791,Marcos,2025-09-20_20h04.34.469,css-task,2022.2.1,59.378156320177844,
,,,,,,,,,,,,,,,,,,,,3,0,3,0,,,,,,,,,,,,,,,,,,,,,,,,,,,,,,,,,,,,,,,,,,,,,,,,,,,,,,,826594791,Marcos,2025-09-20_20h04.34.469,css-task,2022.2.1,59.378156320177844,
,,,,,,,,,,,,,,,,,,,,4,0,4,0,0,0,0,0,,,,826594791,,,,,,,,,,,,,,heterogeneous,color-shape,5,color,circle,green,no-switch,right,1,0,,,,1031.6913049999857,1031.6913049999857,0.004666100023314357,1041.0074831999955,1041.359293000016,1041.359293000016,1041.6076332000084,1041.6076332000084,1041.6076332000084,1041.6076332000084,1041.6076332000084,1041.6076332000084,1041.6076332000084,right,1,1.1334168000030331,,,,,826594791,Marcos,2025-09-20_20h04.34.469,css-task,2022.2.1,59.378156320177844,
,,,,,,,,,,,,,,,,,,,,4,0,4,0,1,0,1,0,,,,826594791,,,,,,,,,,,,,,heterogeneous,color-shape,5,color,circle,blue,no-switch,left,1,0,,,,,,,1042.7567978000152,1043.1079364999896,1043.1079364999896,1043.3573265000014,1043.3573265000014,1043.3573265000014,1043.3573265000014,1043.3573265000014,1043.3573265000014,1043.3573265000014,left,1,0.6007527000037953,,,,,826594791,Marcos,2025-09-20_20h04.34.469,css-task,2022.2.1,59.378156320177844,
,,,,,,,,,,,,,,,,,,,,4,0,4,0,2,0,2,0,,,,826594791,,,,,,,,,,,,,,heterogeneous,color-shape,5,shape,triangle,blue,switch,right,0,1,,,,,,,1043.974059399974,1044.3245137999766,1044.3245137999766,1044.5742799,1044.5742799,1044.5742799,1044.5742799,1044.5742799,1044.5742799,1044.5742799,left,0,0.5997549999738112,,,,,826594791,Marcos,2025-09-20_20h04.34.469,css-task,2022.2.1,59.378156320177844,
,,,,,,,,,,,,,,,,,,,,4,0,4,0,3,0,3,0,,,,826594791,,,,,,,,,,,,,,heterogeneous,color-shape,5,shape,triangle,blue,no-switch,right,0,1,,,,,,,1045.189674299967,1045.5237615000224,1045.5408054,1045.7738739000051,1045.7738739000051,1045.7738739000051,1045.7738739000051,1045.7738739000051,1045.7738739000051,1045.7738739000051,right,1,0.6832878999994136,,,,,826594791,Marcos,2025-09-20_20h04.34.469,css-task,2022.2.1,59.378156320177844,
,,,,,,,,,,,,,,,,,,,,4,0,4,0,4,0,4,0,,,,826594791,,,,,,,,,,,,,,heterogeneous,color-shape,5,color,circle,blue,switch,left,1,0,,,,,,,1046.4741669999785,1046.8069920999696,1046.8231700999895,1047.0738327999716,1047.0738327999716,1047.0738327999716,1047.0738327999716,1047.0738327999716,1047.0738327999716,1047.0738327999716,left,1,0.700890599982813,,,,,826594791,Marcos,2025-09-20_20h04.34.469,css-task,2022.2.1,59.378156320177844,
,,,,,,,,,,,,,,,,,,,,4,0,4,0,5,0,5,0,,,,826594791,,,,,,,,,,,,,,heterogeneous,color-shape,5,color,circle,blue,no-switch,left,1,0,,,,,,,1047.7904423999717,1048.1404662000132,1048.1404662000132,1048.3909575999714,1048.3909575999714,1048.3909575999714,1048.3909575999714,1048.3909575999714,1048.3909575999714,1048.3909575999714,left,1,0.5661406999570318,,,,,826594791,Marcos,2025-09-20_20h04.34.469,css-task,2022.2.1,59.378156320177844,
,,,,,,,,,,,,,,,,,,,,4,0,4,0,6,0,6,0,,,,826594791,,,,,,,,,,,,,,heterogeneous,color-shape,5,shape,triangle,green,switch,right,0,1,,,,,,,1048.9733421999845,1049.3077858000179,1049.324542999966,1049.5570433000103,1049.5570433000103,1049.5570433000103,1049.5570433000103,1049.5570433000103,1049.5570433000103,1049.5570433000103,right,1,0.7004304000292905,,,,,826594791,Marcos,2025-09-20_20h04.34.469,css-task,2022.2.1,59.378156320177844,
,,,,,,,,,,,,,,,,,,,,4,0,4,0,7,0,7,0,,,,826594791,,,,,,,,,,,,,,heterogeneous,color-shape,5,color,triangle,blue,switch,left,0,1,,,,,,,1050.2727152999723,1050.624154799967,1050.624154799967,1050.8578242000076,1050.8578242000076,1050.8578242000076,1050.8578242000076,1050.8578242000076,1050.8578242000076,1050.8578242000076,left,1,0.5998421999975108,,,,,826594791,Marcos,2025-09-20_20h04.34.469,css-task,2022.2.1,59.378156320177844,
,,,,,,,,,,,,,,,,,,,,4,0,4,0,8,0,8,0,,,,826594791,,,,,,,,,,,,,,heterogeneous,color-shape,5,color,triangle,green,no-switch,right,0,1,,,,,,,1051.4729608999914,1051.8237231000094,1051.8237231000094,1052.0737555999658,1052.0737555999658,1052.0737555999658,1052.0737555999658,1052.0737555999658,1052.0737555999658,1052.0737555999658,right,1,0.6998038999736309,,,,,826594791,Marcos,2025-09-20_20h04.34.469,css-task,2022.2.1,59.378156320177844,
,,,,,,,,,,,,,,,,,,,,4,0,4,0,9,0,9,0,,,,826594791,,,,,,,,,,,,,,heterogeneous,color-shape,5,shape,triangle,blue,switch,right,0,1,,,,,,,1052.7900632999954,1053.1244227999705,1053.140394999995,1053.3738985999953,1053.3738985999953,1053.3738985999953,1053.3738985999953,1053.3738985999953,1053.3738985999953,1053.3738985999953,left,0,0.5998228000244126,,,,,826594791,Marcos,2025-09-20_20h04.34.469,css-task,2022.2.1,59.378156320177844,
,,,,,,,,,,,,,,,,,,,,4,0,4,0,10,0,10,0,,,,826594791,,,,,,,,,,,,,,heterogeneous,color-shape,5,color,triangle,blue,switch,left,0,1,,,,,,,1053.9892888999893,1054.323319600022,1054.3409444999998,1054.589627199981,1054.589627199981,1054.589627199981,1054.589627199981,1054.589627199981,1054.589627199981,1054.589627199981,left,1,0.751356000022497,,,,,826594791,Marcos,2025-09-20_20h04.34.469,css-task,2022.2.1,59.378156320177844,
,,,,,,,,,,,,,,,,,,,,4,0,4,0,11,0,11,0,,,,826594791,,,,,,,,,,,,,,heterogeneous,color-shape,5,color,triangle,blue,no-switch,left,0,1,,,,,,,1055.3575272000162,1055.6899819999817,1055.7076479999814,1055.9562399999704,1055.9562399999704,1055.9562399999704,1055.9562399999704,1055.9562399999704,1055.9562399999704,1055.9562399999704,left,1,0.751967300020624,,,,,826594791,Marcos,2025-09-20_20h04.34.469,css-task,2022.2.1,59.378156320177844,
,,,,,,,,,,,,,,,,,,,,4,0,4,0,12,0,12,0,,,,826594791,,,,,,,,,,,,,,heterogeneous,color-shape,5,color,triangle,blue,no-switch,left,0,1,,,,,,,1056.7232323000208,1057.0734158999985,1057.0734158999985,1057.3240171999787,1057.3240171999787,1057.3240171999787,1057.3240171999787,1057.3240171999787,1057.3240171999787,1057.3240171999787,left,1,0.5501643000170588,,,,,826594791,Marcos,2025-09-20_20h04.34.469,css-task,2022.2.1,59.378156320177844,
,,,,,,,,,,,,,,,,,,,,4,0,4,0,13,0,13,0,,,,826594791,,,,,,,,,,,,,,heterogeneous,color-shape,5,color,triangle,green,no-switch,right,0,1,,,,,,,1057.8891389999771,1058.240060799988,1058.240060799988,1058.490427599987,1058.490427599987,1058.490427599987,1058.490427599987,1058.490427599987,1058.490427599987,1058.490427599987,right,1,0.6996233999961987,,,,,826594791,Marcos,2025-09-20_20h04.34.469,css-task,2022.2.1,59.378156320177844,
,,,,,,,,,,,,,,,,,,,,4,0,4,0,14,0,14,0,,,,826594791,,,,,,,,,,,,,,heterogeneous,color-shape,5,shape,triangle,green,switch,right,0,1,,,,,,,1059.2068395999959,1059.5574022000073,1059.5574022000073,1059.8065802999772,1059.8065802999772,1059.8065802999772,1059.8065802999772,1059.8065802999772,1059.8065802999772,1059.8065802999772,right,1,0.6498827999457717,,,,,826594791,Marcos,2025-09-20_20h04.34.469,css-task,2022.2.1,59.378156320177844,
,,,,,,,,,,,,,,,,,,,,4,0,4,0,15,0,15,0,,,,826594791,,,,,,,,,,,,,,heterogeneous,color-shape,5,color,triangle,blue,switch,left,0,1,,,,,,,1060.4724141000188,1060.8068856999744,1060.8233376999851,1061.057323999994,1061.057323999994,1061.057323999994,1061.057323999994,1061.057323999994,1061.057323999994,1061.057323999994,left,1,0.7502750999992713,,,,,826594791,Marcos,2025-09-20_20h04.34.469,css-task,2022.2.1,59.378156320177844,
,,,,,,,,,,,,,,,,,,,,4,0,4,0,16,0,16,0,,,,826594791,,,,,,,,,,,,,,heterogeneous,color-shape,5,color,circle,green,no-switch,right,1,0,,,,,,,1061.8226584999938,1062.1732802999904,1062.1732802999904,1062.423503900005,1062.423503900005,1062.423503900005,1062.423503900005,1062.423503900005,1062.423503900005,1062.423503900005,right,1,1.133880700042937,,,,,826594791,Marcos,2025-09-20_20h04.34.469,css-task,2022.2.1,59.378156320177844,
,,,,,,,,,,,,,,,,,,,,4,0,4,0,17,0,17,0,,,,826594791,,,,,,,,,,,,,,heterogeneous,color-shape,5,shape,circle,blue,switch,left,1,0,,,,,,,1063.5732905999757,1063.9223060999648,1063.9223060999648,1064.173953599995,1064.173953599995,1064.173953599995,1064.173953599995,1064.173953599995,1064.173953599995,1064.173953599995,left,1,1.115737900021486,,,,,826594791,Marcos,2025-09-20_20h04.34.469,css-task,2022.2.1,59.378156320177844,
,,,,,,,,,,,,,,,,,,,,4,0,4,0,18,0,18,0,,,,826594791,,,,,,,,,,,,,,heterogeneous,color-shape,5,color,triangle,blue,switch,left,0,1,,,,,,,1065.3068852999713,1065.6406415000092,1065.655753900006,1065.906346499978,1065.906346499978,1065.906346499978,1065.906346499978,1065.906346499978,1065.906346499978,1065.906346499978,left,1,1.0671186999534257,,,,,826594791,Marcos,2025-09-20_20h04.34.469,css-task,2022.2.1,59.378156320177844,
,,,,,,,,,,,,,,,,,,,,4,0,4,0,19,0,19,0,,,,826594791,,,,,,,,,,,,,,heterogeneous,color-shape,5,color,circle,blue,no-switch,left,1,0,,,,,,,1066.9894388999674,1067.339719999989,1067.339719999989,1067.5729473999818,1067.5729473999818,1067.5729473999818,1067.5729473999818,1067.5729473999818,1067.5729473999818,1067.5729473999818,left,1,0.4837878000107594,,,,,826594791,Marcos,2025-09-20_20h04.34.469,css-task,2022.2.1,59.378156320177844,
,,,,,,,,,,,,,,,,,,,,4,0,4,0,20,0,20,0,,,,826594791,,,,,,,,,,,,,,heterogeneous,color-shape,5,color,circle,green,no-switch,right,1,0,,,,,,,1068.0721674999804,1068.4222933999845,1068.4222933999845,1068.6731845000177,1068.6731845000177,1068.6731845000177,1068.6731845000177,1068.6731845000177,1068.6731845000177,1068.6731845000177,right,1,1.1329017999814823,,,,,826594791,Marcos,2025-09-20_20h04.34.469,css-task,2022.2.1,59.378156320177844,
,,,,,,,,,,,,,,,,,,,,4,0,4,0,21,0,21,0,,,,826594791,,,,,,,,,,,,,,heterogeneous,color-shape,5,shape,circle,blue,switch,left,1,0,,,,,,,1069.8220407000044,1070.1561512000044,1070.172838700004,1070.40671999997,1070.40671999997,1070.40671999997,1070.40671999997,1070.40671999997,1070.40671999997,1070.40671999997,left,1,0.6331767999799922,,,,,826594791,Marcos,2025-09-20_20h04.34.469,css-task,2022.2.1,59.378156320177844,
,,,,,,,,,,,,,,,,,,,,4,0,4,0,22,0,22,0,,,,826594791,,,,,,,,,,,,,,heterogeneous,color-shape,5,shape,triangle,blue,no-switch,right,0,1,,,,,,,1071.0567280999967,1071.4068022000138,1071.4068022000138,1071.640401599987,1071.640401599987,1071.640401599987,1071.640401599987,1071.640401599987,1071.640401599987,1071.640401599987,right,1,0.9830258999718353,,,,,826594791,Marcos,2025-09-20_20h04.34.469,css-task,2022.2.1,59.378156320177844,
,,,,,,,,,,,,,,,,,,,,4,0,4,0,23,0,23,0,,,,826594791,,,,,,,,,,,,,,heterogeneous,color-shape,5,color,circle,blue,switch,left,1,0,,,,,,,1072.6391459999722,1072.989020899986,1072.989020899986,1073.2394772999687,1073.2394772999687,1073.2394772999687,1073.2394772999687,1073.2394772999687,1073.2394772999687,1073.2394772999687,left,1,0.5171272999723442,,,,,826594791,Marcos,2025-09-20_20h04.34.469,css-task,2022.2.1,59.378156320177844,
,,,,,,,,,,,,,,,,,,,,4,0,4,0,24,0,24,0,,,,826594791,,,,,,,,,,,,,,heterogeneous,color-shape,5,shape,circle,blue,switch,left,1,0,,,,,,,1073.7723167999648,1074.1224395000027,1074.1224395000027,1074.3560290000169,1074.3560290000169,1074.3560290000169,1074.3560290000169,1074.3560290000169,1074.3560290000169,1074.3560290000169,left,1,0.8660306999809109,,,,,826594791,Marcos,2025-09-20_20h04.34.469,css-task,2022.2.1,59.378156320177844,
,,,,,,,,,,,,,,,,,,,,4,0,4,0,25,0,25,0,,,,826594791,,,,,,,,,,,,,,heterogeneous,color-shape,5,shape,triangle,blue,no-switch,right,0,1,,,,,,,1075.2384569999995,1075.572543599992,1075.5890189000056,1075.8224120999803,1075.8224120999803,1075.8224120999803,1075.8224120999803,1075.8224120999803,1075.8224120999803,1075.8224120999803,left,0,0.3674192999606021,,,,,826594791,Marcos,2025-09-20_20h04.34.469,css-task,2022.2.1,59.378156320177844,
,,,,,,,,,,,,,,,,,,,,4,0,4,0,26,0,26,0,,,,826594791,,,,,,,,,,,,,,heterogeneous,color-shape,5,color,circle,green,switch,right,1,0,,,,,,,1076.2060512999888,1076.5403453999897,1076.5561549999984,1076.8049613999901,1076.8049613999901,1076.8049613999901,1076.8049613999901,1076.8049613999901,1076.8049613999901,1076.8049613999901,right,1,0.8509611000190489,,,,,826594791,Marcos,2025-09-20_20h04.34.469,css-task,2022.2.1,59.378156320177844,
,,,,,,,,,,,,,,,,,,,,4,0,4,0,27,0,27,0,,,,826594791,,,,,,,,,,,,,,heterogeneous,color-shape,5,shape,triangle,green,switch,right,0,1,,,,,,,1077.672019599995,1078.0223390000174,1078.0223390000174,1078.2717458999832,1078.2717458999832,1078.2717458999832,1078.2717458999832,1078.2717458999832,1078.2717458999832,1078.2717458999832,right,1,0.7672240000101738,,,,,826594791,Marcos,2025-09-20_20h04.34.469,css-task,2022.2.1,59.378156320177844,
,,,,,,,,,,,,,,,,,,,,4,0,4,0,28,0,28,0,,,,826594791,,,,,,,,,,,,,,heterogeneous,color-shape,5,shape,circle,blue,no-switch,left,1,0,,,,,,,1079.054868999985,1079.4050287000136,1079.4050287000136,1079.6382887000218,1079.6382887000218,1079.6382887000218,1079.6382887000218,1079.6382887000218,1079.6382887000218,1079.6382887000218,left,1,1.1180723999859765,,,,,826594791,Marcos,2025-09-20_20h04.34.469,css-task,2022.2.1,59.378156320177844,
,,,,,,,,,,,,,,,,,,,,4,0,4,0,29,0,29,0,,,,826594791,,,,,,,,,,,,,,heterogeneous,color-shape,5,shape,triangle,green,no-switch,right,0,1,,,,,,,1080.7723331999732,1081.122099899978,1081.122099899978,1081.3720586000127,1081.3720586000127,1081.3720586000127,1081.3720586000127,1081.3720586000127,1081.3720586000127,1081.3720586000127,right,1,0.6668654999812134,,,,,826594791,Marcos,2025-09-20_20h04.34.469,css-task,2022.2.1,59.378156320177844,
,,,,,,,,,,,,,,,,,,,,4,0,4,0,30,0,30,0,,,,826594791,,,,,,,,,,,,,,heterogeneous,color-shape,5,color,circle,green,switch,right,1,0,,,,,,,1082.0545380999683,1082.388106999977,1082.4051128000137,1082.6554894999717,1082.6554894999717,1082.6554894999717,1082.6554894999717,1082.6554894999717,1082.6554894999717,1082.6554894999717,right,1,1.1833913999726065,,,,,826594791,Marcos,2025-09-20_20h04.34.469,css-task,2022.2.1,59.378156320177844,
,,,,,,,,,,,,,,,,,,,,4,0,4,0,31,0,31,0,,,,826594791,,,,,,,,,,,,,,heterogeneous,color-shape,5,color,triangle,blue,no-switch,left,0,1,,,,,,,1083.8546668000054,1084.1887259000214,1084.2055266000098,1084.4389303000062,1084.4389303000062,1084.4389303000062,1084.4389303000062,1084.4389303000062,1084.4389303000062,1084.4389303000062,right,0,1.2332175000337884,,,,,826594791,Marcos,2025-09-20_20h04.34.469,css-task,2022.2.1,59.378156320177844,
,,,,,,,,,,,,,,,,,,,,4,0,4,0,32,0,32,0,,,,826594791,,,,,,,,,,,,,,heterogeneous,color-shape,5,shape,circle,blue,switch,left,1,0,,,,,,,1085.6878222000087,1086.0218131999718,1086.0391980999848,1086.2724963999935,1086.2724963999935,1086.2724963999935,1086.2724963999935,1086.2724963999935,1086.2724963999935,1086.2724963999935,left,1,1.2327622000011615,,,,,826594791,Marcos,2025-09-20_20h04.34.469,css-task,2022.2.1,59.378156320177844,
,,,,,,,,,,,,,,,,,,,,4,0,4,0,33,0,33,0,,,,826594791,,,,,,,,,,,,,,heterogeneous,color-shape,5,shape,triangle,blue,no-switch,right,0,1,,,,,,,1087.521015700011,1087.8718612999655,1087.8718612999655,1088.1223129999707,1088.1223129999707,1088.1223129999707,1088.1223129999707,1088.1223129999707,1088.1223129999707,1088.1223129999707,right,1,1.1996372999856248,,,,,826594791,Marcos,2025-09-20_20h04.34.469,css-task,2022.2.1,59.378156320177844,
,,,,,,,,,,,,,,,,,,,,4,0,4,0,34,0,34,0,,,,826594791,,,,,,,,,,,,,,heterogeneous,color-shape,5,shape,triangle,green,no-switch,right,0,1,,,,,,,1089.3382806999725,1089.6718921000138,1089.6883850999875,1089.9380873999908,1089.9380873999908,1089.9380873999908,1089.9380873999908,1089.9380873999908,1089.9380873999908,1089.9380873999908,right,1,0.7501392000121996,,,,,826594791,Marcos,2025-09-20_20h04.34.469,css-task,2022.2.1,59.378156320177844,
,,,,,,,,,,,,,,,,,,,,4,0,4,0,35,0,35,0,,,,826594791,,,,,,,,,,,,,,heterogeneous,color-shape,5,shape,triangle,blue,no-switch,right,0,1,,,,,,,1090.704495700018,1091.0552467000089,1091.0552467000089,1091.2883240999654,1091.2883240999654,1091.2883240999654,1091.2883240999654,1091.2883240999654,1091.2883240999654,1091.2883240999654,right,1,1.250892699987162,,,,,826594791,Marcos,2025-09-20_20h04.34.469,css-task,2022.2.1,59.378156320177844,
,,,,,,,,,,,,,,,,,,,,4,0,4,0,36,0,36,0,,,,826594791,,,,,,,,,,,,,,heterogeneous,color-shape,5,shape,triangle,blue,no-switch,right,0,1,,,,,,,1092.5544190999935,1092.9045871999697,1092.9045871999697,1093.1550350000034,1093.1550350000034,1093.1550350000034,1093.1550350000034,1093.1550350000034,1093.1550350000034,1093.1550350000034,right,1,3.099831700033974,,,,,826594791,Marcos,2025-09-20_20h04.34.469,css-task,2022.2.1,59.378156320177844,
,,,,,,,,,,,,,,,,,,,,4,0,4,0,37,0,37,0,,,,826594791,,,,,,,,,,,,,,heterogeneous,color-shape,5,shape,circle,blue,no-switch,left,1,0,,,,,,,1096.2711029999773,1096.6214284999878,1096.6214284999878,1096.8553834999911,1096.8553834999911,1096.8553834999911,1096.8553834999911,1096.8553834999911,1096.8553834999911,1096.8553834999911,left,1,0.7989605000475422,,,,,826594791,Marcos,2025-09-20_20h04.34.469,css-task,2022.2.1,59.378156320177844,
,,,,,,,,,,,,,,,,,,,,4,0,4,0,38,0,38,0,,,,826594791,,,,,,,,,,,,,,heterogeneous,color-shape,5,color,triangle,green,switch,right,0,1,,,,,,,1097.6710017999867,1098.0054980000132,1098.0206596999778,1098.2547620999976,1098.2547620999976,1098.2547620999976,1098.2547620999976,1098.2547620999976,1098.2547620999976,1098.2547620999976,right,1,0.93318710004678,,,,,826594791,Marcos,2025-09-20_20h04.34.469,css-task,2022.2.1,59.378156320177844,
,,,,,,,,,,,,,,,,,,,,4,0,4,0,39,0,39,0,,,,826594791,,,,,,,,,,,,,,heterogeneous,color-shape,5,shape,circle,blue,switch,left,1,0,,,,,,,1099.203720999998,1099.5552402000176,1099.5552402000176,1099.7878577999654,1099.7878577999654,1099.7878577999654,1099.7878577999654,1099.7878577999654,1099.7878577999654,1099.7878577999654,left,1,0.48323939996771514,,,,,826594791,Marcos,2025-09-20_20h04.34.469,css-task,2022.2.1,59.378156320177844,
,,,,,,,,,,,,,,,,,,,,4,0,4,0,40,0,40,0,,,,826594791,,,,,,,,,,,,,,heterogeneous,color-shape,5,shape,triangle,blue,no-switch,right,0,1,,,,,,,1100.2869028999703,1100.637328599987,1100.637328599987,1100.8704024999752,1100.8704024999752,1100.8704024999752,1100.8704024999752,1100.8704024999752,1100.8704024999752,1100.8704024999752,right,1,0.5507118999958038,,,,,826594791,Marcos,2025-09-20_20h04.34.469,css-task,2022.2.1,59.378156320177844,
,,,,,,,,,,,,,,,,,,,,4,0,4,0,41,0,41,0,,,,826594791,,,,,,,,,,,,,,heterogeneous,color-shape,5,shape,circle,green,no-switch,left,1,0,,,,,,,1101.437057300005,1101.771791999985,1101.7875793999992,1102.0214500000002,1102.0214500000002,1102.0214500000002,1102.0214500000002,1102.0214500000002,1102.0214500000002,1102.0214500000002,left,1,1.5000586000387557,,,,,826594791,Marcos,2025-09-20_20h04.34.469,css-task,2022.2.1,59.378156320177844,
,,,,,,,,,,,,,,,,,,,,4,0,4,0,42,0,42,0,,,,826594791,,,,,,,,,,,,,,heterogeneous,color-shape,5,shape,triangle,green,no-switch,right,0,1,,,,,,,1103.537442300003,1103.8882225999841,1103.8882225999841,1104.1211450999836,1104.1211450999836,1104.1211450999836,1104.1211450999836,1104.1211450999836,1104.1211450999836,1104.1211450999836,right,1,0.8002162999473512,,,,,826594791,Marcos,2025-09-20_20h04.34.469,css-task,2022.2.1,59.378156320177844,
,,,,,,,,,,,,,,,,,,,,4,0,4,0,43,0,43,0,,,,826594791,,,,,,,,,,,,,,heterogeneous,color-shape,5,shape,circle,blue,no-switch,left,1,0,,,,,,,1104.9377177999704,1105.2880889999797,1105.2880889999797,1105.521297600004,1105.521297600004,1105.521297600004,1105.521297600004,1105.521297600004,1105.521297600004,1105.521297600004,left,1,0.5495438000070862,,,,,826594791,Marcos,2025-09-20_20h04.34.469,css-task,2022.2.1,59.378156320177844,
,,,,,,,,,,,,,,,,,,,,4,0,4,0,44,0,44,0,,,,826594791,,,,,,,,,,,,,,heterogeneous,color-shape,5,color,circle,blue,switch,left,1,0,,,,,,,1106.0878718000022,1106.4371025,1106.4371025,1106.6880704999785,1106.6880704999785,1106.6880704999785,1106.6880704999785,1106.6880704999785,1106.6880704999785,1106.6880704999785,left,1,0.8342309999861754,,,,,826594791,Marcos,2025-09-20_20h04.34.469,css-task,2022.2.1,59.378156320177844,
,,,,,,,,,,,,,,,,,,,,4,0,4,0,45,0,45,0,,,,826594791,,,,,,,,,,,,,,heterogeneous,color-shape,5,shape,triangle,green,switch,right,0,1,,,,,,,1107.5375389999826,1107.8870101000066,1107.8870101000066,1108.1382706000004,1108.1382706000004,1108.1382706000004,1108.1382706000004,1108.1382706000004,1108.1382706000004,1108.1382706000004,right,1,0.6825520999846049,,,,,826594791,Marcos,2025-09-20_20h04.34.469,css-task,2022.2.1,59.378156320177844,
,,,,,,,,,,,,,,,,,,,,4,0,4,0,46,0,46,0,,,,826594791,,,,,,,,,,,,,,heterogeneous,color-shape,5,color,circle,green,switch,right,1,0,,,,,,,1108.8368553000037,1109.170551999996,1109.1878692000173,1109.4207125999965,1109.4207125999965,1109.4207125999965,1109.4207125999965,1109.4207125999965,1109.4207125999965,1109.4207125999965,right,1,1.901022500009276,,,,,826594791,Marcos,2025-09-20_20h04.34.469,css-task,2022.2.1,59.378156320177844,
,,,,,,,,,,,,,,,,,,,,4,0,4,0,47,0,47,0,,,,826594791,,,,,,,,,,,,,,heterogeneous,color-shape,5,shape,circle,blue,switch,left,1,0,,,,,,,1111.3370446999907,1111.687649599975,1111.687649599975,1111.937551399984,1111.937551399984,1111.937551399984,1111.937551399984,1111.937551399984,1111.937551399984,1111.937551399984,left,1,1.1330319000408053,,,,,826594791,Marcos,2025-09-20_20h04.34.469,css-task,2022.2.1,59.378156320177844,
,,,,,,,,,,,,,,,,,,,,4,0,4,0,48,0,48,0,,,,826594791,,,,,,,,,,,,,,heterogeneous,color-shape,5,color,triangle,green,switch,right,0,1,,,,,,,1113.0873401999706,1113.4207855999703,1113.436982300016,1113.6875708000152,1113.6875708000152,1113.6875708000152,1113.6875708000152,1113.6875708000152,1113.6875708000152,1113.6875708000152,right,1,0.7501695000100881,,,,,826594791,Marcos,2025-09-20_20h04.34.469,css-task,2022.2.1,59.378156320177844,
,,,,,,,,,,,,,,,,,,,,4,0,4,0,49,0,49,0,,,,826594791,,,,,,,,,,,,,,heterogeneous,color-shape,5,shape,circle,blue,switch,left,1,0,,,,,,,1114.4536047999864,1114.786916800018,1114.8036813000217,1115.0540092000156,1115.0540092000156,1115.0540092000156,1115.0540092000156,1115.0540092000156,1115.0540092000156,1115.0540092000156,left,1,0.733144199999515,,,,,826594791,Marcos,2025-09-20_20h04.34.469,css-task,2022.2.1,59.378156320177844,
,,,,,,,,,,,,,,,,,,,,4,0,4,0,50,0,50,0,,,,826594791,,,,,,,,,,,,,,heterogeneous,color-shape,5,shape,circle,green,no-switch,left,1,0,,,,,,,1115.8028453000006,1116.1543564000167,1116.1543564000167,1116.3872060999856,1116.3872060999856,1116.3872060999856,1116.3872060999856,1116.3872060999856,1116.3872060999856,1116.3872060999856,left,1,1.0499244999955408,,,,,826594791,Marcos,2025-09-20_20h04.34.469,css-task,2022.2.1,59.378156320177844,
,,,,,,,,,,,,,,,,,,,,4,0,4,0,51,0,51,0,,,,826594791,,,,,,,,,,,,,,heterogeneous,color-shape,5,shape,circle,blue,no-switch,left,1,0,,,,,,,1117.4537273999886,1117.8039550000103,1117.8039550000103,1118.05389380001,1118.05389380001,1118.05389380001,1118.05389380001,1118.05389380001,1118.05389380001,1118.05389380001,left,1,0.4168492999742739,,,,,826594791,Marcos,2025-09-20_20h04.34.469,css-task,2022.2.1,59.378156320177844,
,,,,,,,,,,,,,,,,,,,,4,0,4,0,52,0,52,0,,,,826594791,,,,,,,,,,,,,,heterogeneous,color-shape,5,color,circle,green,switch,right,1,0,,,,,,,1118.4869082999649,1118.8366601999733,1118.8366601999733,1119.0870859000133,1119.0870859000133,1119.0870859000133,1119.0870859000133,1119.0870859000133,1119.0870859000133,1119.0870859000133,right,1,0.9332678000209853,,,,,826594791,Marcos,2025-09-20_20h04.34.469,css-task,2022.2.1,59.378156320177844,
,,,,,,,,,,,,,,,,,,,,4,0,4,0,53,0,53,0,,,,826594791,,,,,,,,,,,,,,heterogeneous,color-shape,5,color,circle,green,no-switch,right,1,0,,,,,,,1120.0363306999789,1120.370495399984,1120.3871168000042,1120.6204322999693,1120.6204322999693,1120.6204322999693,1120.6204322999693,1120.6204322999693,1120.6204322999693,1120.6204322999693,right,1,0.432972599985078,,,,,826594791,Marcos,2025-09-20_20h04.34.469,css-task,2022.2.1,59.378156320177844,
,,,,,,,,,,,,,,,,,,,,4,0,4,0,54,0,54,0,,,,826594791,,,,,,,,,,,,,,heterogeneous,color-shape,5,shape,circle,blue,switch,left,1,0,,,,,,,1121.0695505000185,1121.4042582999682,1121.4203715000185,1121.6697459999705,1121.6697459999705,1121.6697459999705,1121.6697459999705,1121.6697459999705,1121.6697459999705,1121.6697459999705,left,1,0.4171916999621317,,,,,826594791,Marcos,2025-09-20_20h04.34.469,css-task,2022.2.1,59.378156320177844,
,,,,,,,,,,,,,,,,,,,,4,0,4,0,55,0,55,0,,,,826594791,,,,,,,,,,,,,,heterogeneous,color-shape,5,color,triangle,green,switch,right,0,1,,,,,,,1122.1027301999857,1122.4367354999995,1122.4539153000223,1122.6869830000214,1122.6869830000214,1122.6869830000214,1122.6869830000214,1122.6869830000214,1122.6869830000214,1122.6869830000214,right,1,0.7664456000202335,,,,,826594791,Marcos,2025-09-20_20h04.34.469,css-task,2022.2.1,59.378156320177844,
,,,,,,,,,,,,,,,,,,,,4,0,4,0,56,0,56,0,,,,826594791,,,,,,,,,,,,,,heterogeneous,color-shape,5,color,circle,blue,no-switch,left,1,0,,,,,,,1123.469424800016,1123.803346199973,1123.8197046999703,1124.0533853999805,1124.0533853999805,1124.0533853999805,1124.0533853999805,1124.0533853999805,1124.0533853999805,1124.0533853999805,left,1,0.5500343999592587,,,,,826594791,Marcos,2025-09-20_20h04.34.469,css-task,2022.2.1,59.378156320177844,
,,,,,,,,,,,,,,,,,,,,4,0,4,0,57,0,57,0,,,,826594791,,,,,,,,,,,,,,heterogeneous,color-shape,5,shape,circle,green,switch,left,1,0,,,,,,,1124.6195507000084,1124.9541130000143,1124.9703540999908,1125.2033996999962,1125.2033996999962,1125.2033996999962,1125.2033996999962,1125.2033996999962,1125.2033996999962,1125.2033996999962,left,1,0.6333290000329725,,,,,826594791,Marcos,2025-09-20_20h04.34.469,css-task,2022.2.1,59.378156320177844,
,,,,,,,,,,,,,,,,,,,,4,0,4,0,58,0,58,0,,,,826594791,,,,,,,,,,,,,,heterogeneous,color-shape,5,color,triangle,blue,switch,left,0,1,,,,,,,1125.8524263,1126.1869634999894,1126.2028435000102,1126.4360313999932,1126.4360313999932,1126.4360313999932,1126.4360313999932,1126.4360313999932,1126.4360313999932,1126.4360313999932,left,1,0.5347992000170052,,,,,826594791,Marcos,2025-09-20_20h04.34.469,css-task,2022.2.1,59.378156320177844,
,,,,,,,,,,,,,,,,,,,,4,0,4,0,59,0,59,0,,,,826594791,,,,,,,,,,,,,,heterogeneous,color-shape,5,color,circle,blue,no-switch,left,1,0,,,,,,,1126.986816599965,1127.319680000015,1127.336135599995,1127.5869829999865,1127.5869829999865,1127.5869829999865,1127.5869829999865,1127.5869829999865,1127.5869829999865,1127.5869829999865,left,1,0.4161739000119269,,,,,826594791,Marcos,2025-09-20_20h04.34.469,css-task,2022.2.1,59.378156320177844,
,,,,,,,,,,,,,,,,,,,,4,0,4,0,60,0,60,0,,,,826594791,,,,,,,,,,,,,,heterogeneous,color-shape,5,color,triangle,green,no-switch,right,0,1,,,,,,,1128.0188912000158,1128.353482400009,1128.3691712999716,1128.6029742999817,1128.6029742999817,1128.6029742999817,1128.6029742999817,1128.6029742999817,1128.6029742999817,1128.6029742999817,right,1,0.7336224999744445,,,,,826594791,Marcos,2025-09-20_20h04.34.469,css-task,2022.2.1,59.378156320177844,
,,,,,,,,,,,,,,,,,,,,4,0,4,0,61,0,61,0,,,,826594791,,,,,,,,,,,,,,heterogeneous,color-shape,5,color,circle,blue,no-switch,left,1,0,,,,,,,1129.352275800018,1129.6871258000028,1129.70288539998,1129.936650299991,1129.936650299991,1129.936650299991,1129.936650299991,1129.936650299991,1129.936650299991,1129.936650299991,left,1,0.43331300001591444,,,,,826594791,Marcos,2025-09-20_20h04.34.469,css-task,2022.2.1,59.378156320177844,
,,,,,,,,,,,,,,,,,,,,4,0,4,0,62,0,62,0,,,,826594791,,,,,,,,,,,,,,heterogeneous,color-shape,5,shape,circle,blue,switch,left,1,0,,,,,,,1130.3861994000035,1130.7196564999758,1130.735907299968,1130.9871042000013,1130.9871042000013,1130.9871042000013,1130.9871042000013,1130.9871042000013,1130.9871042000013,1130.9871042000013,left,1,0.5494030999834649,,,,,826594791,Marcos,2025-09-20_20h04.34.469,css-task,2022.2.1,59.378156320177844,
,,,,,,,,,,,,,,,,,,,,4,0,4,0,63,0,63,0,,,,826594791,,,,,,,,,,,,,,heterogeneous,color-shape,5,shape,circle,green,no-switch,left,1,0,,,,,,,1131.55263380002,1131.9025200000033,1131.9025200000033,1132.1366822000127,1132.1366822000127,1132.1366822000127,1132.1366822000127,1132.1366822000127,1132.1366822000127,1132.1366822000127,left,1,1.2499070999911055,,,,,826594791,Marcos,2025-09-20_20h04.34.469,css-task,2022.2.1,59.378156320177844,
,,,,,,,,,,,,,,,,,,,,4,0,4,0,64,0,64,0,,,,826594791,,,,,,,,,,,,,,heterogeneous,color-shape,5,shape,circle,green,no-switch,left,1,0,,,,,,,1133.402077900013,1133.7531406999915,1133.7531406999915,1134.0031013999833,1134.0031013999833,1134.0031013999833,1134.0031013999833,1134.0031013999833,1134.0031013999833,1134.0031013999833,left,1,0.4166284999810159,,,,,826594791,Marcos,2025-09-20_20h04.34.469,css-task,2022.2.1,59.378156320177844,
,,,,,,,,,,,,,,,,,,,,4,0,4,0,65,0,65,0,,,,826594791,,,,,,,,,,,,,,heterogeneous,color-shape,5,color,circle,blue,switch,left,1,0,,,,,,,1134.436341499968,1134.7864801000105,1134.7864801000105,1135.0200540000224,1135.0200540000224,1135.0200540000224,1135.0200540000224,1135.0200540000224,1135.0200540000224,1135.0200540000224,left,1,0.7660625000135042,,,,,826594791,Marcos,2025-09-20_20h04.34.469,css-task,2022.2.1,59.378156320177844,
,,,,,,,,,,,,,,,,,,,,4,0,4,0,66,0,66,0,,,,826594791,,,,,,,,,,,,,,heterogeneous,color-shape,5,color,circle,blue,no-switch,left,1,0,,,,,,,1135.8022982999682,1136.1356310999836,1136.1520351999789,1136.3860654999735,1136.3860654999735,1136.3860654999735,1136.3860654999735,1136.3860654999735,1136.3860654999735,1136.3860654999735,left,1,0.383521199983079,,,,,826594791,Marcos,2025-09-20_20h04.34.469,css-task,2022.2.1,59.378156320177844,
,,,,,,,,,,,,,,,,,,,,4,0,4,0,67,0,67,0,,,,826594791,,,,,,,,,,,,,,heterogeneous,color-shape,5,color,triangle,green,no-switch,right,0,1,,,,,,,1136.7859852999682,1137.1198342000134,1137.1366468999768,1137.370485100022,1137.370485100022,1137.370485100022,1137.370485100022,1137.370485100022,1137.370485100022,1137.370485100022,right,1,0.7159253000281751,,,,,826594791,Marcos,2025-09-20_20h04.34.469,css-task,2022.2.1,59.378156320177844,
,,,,,,,,,,,,,,,,,,,,4,0,4,0,68,0,68,0,,,,826594791,,,,,,,,,,,,,,heterogeneous,color-shape,5,color,circle,blue,no-switch,left,1,0,,,,,,,1138.1026314999908,1138.4525663999957,1138.4525663999957,1138.702167099982,1138.702167099982,1138.702167099982,1138.702167099982,1138.702167099982,1138.702167099982,1138.702167099982,left,1,1.1176738999783993,,,,,826594791,Marcos,2025-09-20_20h04.34.469,css-task,2022.2.1,59.378156320177844,
,,,,,,,,,,,,,,,,,,,,4,0,4,0,69,0,69,0,,,,826594791,,,,,,,,,,,,,,heterogeneous,color-shape,5,color,triangle,green,no-switch,right,0,1,,,,,,,1139.8357716000173,1140.1862092000083,1140.1862092000083,1140.4365278999903,1140.4365278999903,1140.4365278999903,1140.4365278999903,1140.4365278999903,1140.4365278999903,1140.4365278999903,right,1,0.7000084000173956,,,,,826594791,Marcos,2025-09-20_20h04.34.469,css-task,2022.2.1,59.378156320177844,
,,,,,,,,,,,,,,,,,,,,4,0,4,0,70,0,70,0,,,,826594791,,,,,,,,,,,,,,heterogeneous,color-shape,5,shape,circle,green,switch,left,1,0,,,,,,,1141.1525607000221,1141.5028755000094,1141.5028755000094,1141.7528456000146,1141.7528456000146,1141.7528456000146,1141.7528456000146,1141.7528456000146,1141.7528456000146,1141.7528456000146,left,1,0.8836609999998473,,,,,826594791,Marcos,2025-09-20_20h04.34.469,css-task,2022.2.1,59.378156320177844,
,,,,,,,,,,,,,,,,,,,,4,0,4,0,71,0,71,0,,,,826594791,,,,,,,,,,,,,,heterogeneous,color-shape,5,color,triangle,blue,switch,left,0,1,,,,,,,1142.6527457999764,1143.0024210999836,1143.0024210999836,1143.2525682999985,1143.2525682999985,1143.2525682999985,1143.2525682999985,1143.2525682999985,1143.2525682999985,1143.2525682999985,left,1,0.7502992000081576,,,,,826594791,Marcos,2025-09-20_20h04.34.469,css-task,2022.2.1,59.378156320177844,
,,,,,,,,,,,,,,,,,,,,4,0,4,0,72,0,72,0,,,,826594791,,,,,,,,,,,,,,heterogeneous,color-shape,5,shape,circle,green,switch,left,1,0,,,,,,,1144.018369700003,1144.3516749999835,1144.36825639999,1144.602918999968,1144.602918999968,1144.602918999968,1144.602918999968,1144.602918999968,1144.602918999968,1144.602918999968,left,1,0.6996998999966308,,,,,826594791,Marcos,2025-09-20_20h04.34.469,css-task,2022.2.1,59.378156320177844,
,,,,,,,,,,,,,,,,,,,,4,0,4,0,73,0,73,0,,,,826594791,,,,,,,,,,,,,,heterogeneous,color-shape,5,shape,circle,blue,no-switch,left,1,0,,,,,,,1145.31844860001,1145.6690861000097,1145.6690861000097,1145.9021762000048,1145.9021762000048,1145.9021762000048,1145.9021762000048,1145.9021762000048,1145.9021762000048,1145.9021762000048,left,1,0.5006243999814615,,,,,826594791,Marcos,2025-09-20_20h04.34.469,css-task,2022.2.1,59.378156320177844,
,,,,,,,,,,,,,,,,,,,,4,0,4,0,74,0,74,0,,,,826594791,,,,,,,,,,,,,,heterogeneous,color-shape,5,color,circle,blue,switch,left,1,0,,,,,,,1146.4185036999988,1146.7524029000197,1146.7688105999841,1147.0188505999977,1147.0188505999977,1147.0188505999977,1147.0188505999977,1147.0188505999977,1147.0188505999977,1147.0188505999977,left,1,0.4172061000135727,,,,,826594791,Marcos,2025-09-20_20h04.34.469,css-task,2022.2.1,59.378156320177844,
,,,,,,,,,,,,,,,,,,,,4,0,4,0,75,0,75,0,,,,826594791,,,,,,,,,,,,,,heterogeneous,color-shape,5,color,triangle,green,no-switch,right,0,1,,,,,,,1147.4517155999783,1147.7859901000047,1147.802210199996,1148.0525211999775,1148.0525211999775,1148.0525211999775,1148.0525211999775,1148.0525211999775,1148.0525211999775,1148.0525211999775,right,1,0.6995983999804594,,,,,826594791,Marcos,2025-09-20_20h04.34.469,css-task,2022.2.1,59.378156320177844,
,,,,,,,,,,,,,,,,,,,,4,0,4,0,76,0,76,0,,,,826594791,,,,,,,,,,,,,,heterogeneous,color-shape,5,color,triangle,green,no-switch,right,0,1,,,,,,,1148.768048900005,1149.102689799969,1149.1194638999877,1149.3520877999836,1149.3520877999836,1149.3520877999836,1149.3520877999836,1149.3520877999836,1149.3520877999836,1149.3520877999836,right,1,1.6997739000362344,,,,,826594791,Marcos,2025-09-20_20h04.34.469,css-task,2022.2.1,59.378156320177844,
,,,,,,,,,,,,,,,,,,,,4,0,4,0,77,0,77,0,,,,826594791,,,,,,,,,,,,,,heterogeneous,color-shape,5,color,triangle,blue,no-switch,left,0,1,,,,,,,1151.0681561999954,1151.402138400008,1151.4183820000035,1151.651980799972,1151.651980799972,1151.651980799972,1151.651980799972,1151.651980799972,1151.651980799972,1151.651980799972,left,1,1.1334495999617502,,,,,826594791,Marcos,2025-09-20_20h04.34.469,css-task,2022.2.1,59.378156320177844,
,,,,,,,,,,,,,,,,,,,,4,0,4,0,78,0,78,0,,,,826594791,,,,,,,,,,,,,,heterogeneous,color-shape,5,shape,triangle,green,switch,right,0,1,,,,,,,1152.8017382000107,1153.1517746999743,1153.1517746999743,1153.384609300003,1153.384609300003,1153.384609300003,1153.384609300003,1153.384609300003,1153.384609300003,1153.384609300003,right,1,1.084008600038942,,,,,826594791,Marcos,2025-09-20_20h04.34.469,css-task,2022.2.1,59.378156320177844,
,,,,,,,,,,,,,,,,,,,,4,0,4,0,79,0,79,0,,,,826594791,,,,,,,,,,,,,,heterogeneous,color-shape,5,color,triangle,blue,switch,left,0,1,,,,,,,1154.4857398999739,1154.8357329000137,1154.8357329000137,1155.0858260999667,1155.0858260999667,1155.0858260999667,1155.0858260999667,1155.0858260999667,1155.0858260999667,1155.0858260999667,left,1,0.7501112999743782,,,,,826594791,Marcos,2025-09-20_20h04.34.469,css-task,2022.2.1,59.378156320177844,
,,,,,,,,,,,,,,,,,,,,4,0,4,0,80,0,80,0,,,,826594791,,,,,,,,,,,,,,heterogeneous,color-shape,5,shape,triangle,blue,switch,right,0,1,,,,,,,1155.8521852999693,1156.2014196999953,1156.2014196999953,1156.4513583999942,1156.4513583999942,1156.4513583999942,1156.4513583999942,1156.4513583999942,1156.4513583999942,1156.4513583999942,left,0,1.0339047000161372,,,,,826594791,Marcos,2025-09-20_20h04.34.469,css-task,2022.2.1,59.378156320177844,
,,,,,,,,,,,,,,,,,,,,4,0,4,0,81,0,81,0,,,,826594791,,,,,,,,,,,,,,heterogeneous,color-shape,5,color,circle,green,switch,right,1,0,,,,,,,1157.5017077999655,1157.8518689000048,1157.8518689000048,1158.1016928000026,1158.1016928000026,1158.1016928000026,1158.1016928000026,1158.1016928000026,1158.1016928000026,1158.1016928000026,right,1,1.5839217000175267,,,,,826594791,Marcos,2025-09-20_20h04.34.469,css-task,2022.2.1,59.378156320177844,
,,,,,,,,,,,,,,,,,,,,4,0,4,0,82,0,82,0,,,,826594791,,,,,,,,,,,,,,heterogeneous,color-shape,5,shape,triangle,blue,switch,right,0,1,,,,,,,1159.7011566999718,1160.0509063000209,1160.0509063000209,1160.300866000005,1160.300866000005,1160.300866000005,1160.300866000005,1160.300866000005,1160.300866000005,1160.300866000005,left,0,1.4010771000175737,,,,,826594791,Marcos,2025-09-20_20h04.34.469,css-task,2022.2.1,59.378156320177844,
,,,,,,,,,,,,,,,,,,,,4,0,4,0,83,0,83,0,,,,826594791,,,,,,,,,,,,,,heterogeneous,color-shape,5,shape,circle,blue,no-switch,left,1,0,,,,,,,1161.7174253999838,1162.0512047999655,1162.0685238000005,1162.3020924999728,1162.3020924999728,1162.3020924999728,1162.3020924999728,1162.3020924999728,1162.3020924999728,1162.3020924999728,left,1,2.0831740999710746,,,,,826594791,Marcos,2025-09-20_20h04.34.469,css-task,2022.2.1,59.378156320177844,
,,,,,,,,,,,,,,,,,,,,4,0,4,0,84,0,84,0,,,,826594791,,,,,,,,,,,,,,heterogeneous,color-shape,5,color,circle,green,switch,right,1,0,,,,,,,1164.4013956999988,1164.7518213000149,1164.7518213000149,1164.9855613000109,1164.9855613000109,1164.9855613000109,1164.9855613000109,1164.9855613000109,1164.9855613000109,1164.9855613000109,right,1,0.7996855999808758,,,,,826594791,Marcos,2025-09-20_20h04.34.469,css-task,2022.2.1,59.378156320177844,
,,,,,,,,,,,,,,,,,,,,4,0,4,0,85,0,85,0,,,,826594791,,,,,,,,,,,,,,heterogeneous,color-shape,5,color,triangle,green,no-switch,right,0,1,,,,,,,1165.8007116999943,1166.1512421999942,1166.1512421999942,1166.4013759999652,1166.4013759999652,1166.4013759999652,1166.4013759999652,1166.4013759999652,1166.4013759999652,1166.4013759999652,right,1,1.1161030999501236,,,,,826594791,Marcos,2025-09-20_20h04.34.469,css-task,2022.2.1,59.378156320177844,
,,,,,,,,,,,,,,,,,,,,4,0,4,0,86,0,86,0,,,,826594791,,,,,,,,,,,,,,heterogeneous,color-shape,5,color,circle,blue,no-switch,left,1,0,,,,,,,1167.5340713000041,1167.8682917999686,1167.8852655999945,1168.1185848999885,1168.1185848999885,1168.1185848999885,1168.1185848999885,1168.1185848999885,1168.1185848999885,1168.1185848999885,left,1,0.5665203999960795,,,,,826594791,Marcos,2025-09-20_20h04.34.469,css-task,2022.2.1,59.378156320177844,
,,,,,,,,,,,,,,,,,,,,4,0,4,0,87,0,87,0,,,,826594791,,,,,,,,,,,,,,heterogeneous,color-shape,5,color,circle,blue,no-switch,left,1,0,,,,,,,1168.7011025999673,1169.0513146999874,1169.0513146999874,1169.301704499987,1169.301704499987,1169.301704499987,1169.301704499987,1169.301704499987,1169.301704499987,1169.301704499987,left,1,0.40058130002580583,,,,,826594791,Marcos,2025-09-20_20h04.34.469,css-task,2022.2.1,59.378156320177844,
,,,,,,,,,,,,,,,,,,,,4,0,4,0,88,0,88,0,,,,826594791,,,,,,,,,,,,,,heterogeneous,color-shape,5,shape,circle,blue,switch,left,1,0,,,,,,,1169.7175657000043,1170.0674805999734,1170.0674805999734,1170.3184614999918,1170.3184614999918,1170.3184614999918,1170.3184614999918,1170.3184614999918,1170.3184614999918,1170.3184614999918,left,1,1.132734699989669,,,,,826594791,Marcos,2025-09-20_20h04.34.469,css-task,2022.2.1,59.378156320177844,
,,,,,,,,,,,,,,,,,,,,4,0,4,0,89,0,89,0,,,,826594791,,,,,,,,,,,,,,heterogeneous,color-shape,5,color,circle,blue,switch,left,1,0,,,,,,,1171.4668828999856,1171.817087000003,1171.817087000003,1172.0516743999906,1172.0516743999906,1172.0516743999906,1172.0516743999906,1172.0516743999906,1172.0516743999906,1172.0516743999906,left,1,0.4839763999916613,,,,,826594791,Marcos,2025-09-20_20h04.34.469,css-task,2022.2.1,59.378156320177844,
,,,,,,,,,,,,,,,,,,,,4,0,4,0,90,0,90,0,,,,826594791,,,,,,,,,,,,,,heterogeneous,color-shape,5,color,circle,blue,no-switch,left,1,0,,,,,,,1172.5506378000136,1172.900751899986,1172.900751899986,1173.1515531999758,1173.1515531999758,1173.1515531999758,1173.1515531999758,1173.1515531999758,1173.1515531999758,1173.1515531999758,left,1,0.3833939000032842,,,,,826594791,Marcos,2025-09-20_20h04.34.469,css-task,2022.2.1,59.378156320177844,
,,,,,,,,,,,,,,,,,,,,4,0,4,0,91,0,91,0,,,,826594791,,,,,,,,,,,,,,heterogeneous,color-shape,5,shape,triangle,blue,switch,right,0,1,,,,,,,1173.550827500003,1173.9017792000086,1173.9017792000086,1174.1504852999933,1174.1504852999933,1174.1504852999933,1174.1504852999933,1174.1504852999933,1174.1504852999933,1174.1504852999933,right,1,0.9847988000256009,,,,,826594791,Marcos,2025-09-20_20h04.34.469,css-task,2022.2.1,59.378156320177844,
,,,,,,,,,,,,,,,,,,,,4,0,4,0,92,0,92,0,,,,826594791,,,,,,,,,,,,,,heterogeneous,color-shape,5,shape,triangle,blue,no-switch,right,0,1,,,,,,,1175.1508555000182,1175.500973999966,1175.500973999966,1175.7512072999962,1175.7512072999962,1175.7512072999962,1175.7512072999962,1175.7512072999962,1175.7512072999962,1175.7512072999962,right,1,0.5498828000272624,,,,,826594791,Marcos,2025-09-20_20h04.34.469,css-task,2022.2.1,59.378156320177844,
,,,,,,,,,,,,,,,,,,,,4,0,4,0,93,0,93,0,,,,826594791,,,,,,,,,,,,,,heterogeneous,color-shape,5,color,triangle,green,switch,right,0,1,,,,,,,1176.3165146000101,1176.6505087999976,1176.6674280000152,1176.9173834999674,1176.9173834999674,1176.9173834999674,1176.9173834999674,1176.9173834999674,1176.9173834999674,1176.9173834999674,right,1,0.8001420999644324,,,,,826594791,Marcos,2025-09-20_20h04.34.469,css-task,2022.2.1,59.378156320177844,
,,,,,,,,,,,,,,,,,,,,4,0,4,0,94,0,94,0,,,,826594791,,,,,,,,,,,,,,heterogeneous,color-shape,5,shape,circle,blue,switch,left,1,0,,,,,,,1177.7340797000215,1178.0679385999683,1178.0844066999853,1178.318165100005,1178.318165100005,1178.318165100005,1178.318165100005,1178.318165100005,1178.318165100005,1178.318165100005,left,1,0.6830822000047192,,,,,826594791,Marcos,2025-09-20_20h04.34.469,css-task,2022.2.1,59.378156320177844,
,,,,,,,,,,,,,,,,,,,,4,0,4,0,95,0,95,0,,,,826594791,,,,,,,,,,,,,,heterogeneous,color-shape,5,color,triangle,blue,switch,left,0,1,,,,,,,1179.0166693999781,1179.3508954999852,1179.366990200011,1179.6179435999948,1179.6179435999948,1179.6179435999948,1179.6179435999948,1179.6179435999948,1179.6179435999948,1179.6179435999948,left,1,0.8175595999928191,,,,,826594791,Marcos,2025-09-20_20h04.34.469,css-task,2022.2.1,59.378156320177844,
,,,,,,,,,,,,,,,,,,,,4,0,4,0,96,0,96,0,,,,826594791,,,,,,,,,,,,,,heterogeneous,color-shape,5,shape,circle,blue,switch,left,1,0,,,,,,,1180.4505273000104,1180.80134190002,1180.80134190002,1181.0511047000182,1181.0511047000182,1181.0511047000182,1181.0511047000182,1181.0511047000182,1181.0511047000182,1181.0511047000182,left,1,0.699621899984777,,,,,826594791,Marcos,2025-09-20_20h04.34.469,css-task,2022.2.1,59.378156320177844,
,,,,,,,,,,,,,,,,,,,,4,0,4,0,97,0,97,0,,,,826594791,,,,,,,,,,,,,,heterogeneous,color-shape,5,color,circle,green,switch,right,1,0,,,,,,,1181.7670277999714,1182.101592799998,1182.1177365999902,1182.3505373999942,1182.3505373999942,1182.3505373999942,1182.3505373999942,1182.3505373999942,1182.3505373999942,1182.3505373999942,right,1,1.2166577000170946,,,,,826594791,Marcos,2025-09-20_20h04.34.469,css-task,2022.2.1,59.378156320177844,
,,,,,,,,,,,,,,,,,,,,4,0,4,0,98,0,98,0,,,,826594791,,,,,,,,,,,,,,heterogeneous,color-shape,5,color,triangle,blue,no-switch,left,0,1,,,,,,,1183.5831912999856,1183.9343421999947,1183.9343421999947,1184.1677107000141,1184.1677107000141,1184.1677107000141,1184.1677107000141,1184.1677107000141,1184.1677107000141,1184.1677107000141,left,1,0.8168325999868102,,,,,826594791,Marcos,2025-09-20_20h04.34.469,css-task,2022.2.1,59.378156320177844,
,,,,,,,,,,,,,,,,,,,,4,0,4,0,99,0,99,0,,,,826594791,,,,,,,,,,,,,,heterogeneous,color-shape,5,color,triangle,blue,no-switch,left,0,1,,,,,,,1185.0003316999646,1185.3498952999944,1185.3498952999944,1185.6001097999979,1185.6001097999979,1185.6001097999979,1185.6001097999979,1185.6001097999979,1185.6001097999979,1185.6001097999979,left,1,0.7669491000124253,,,,,826594791,Marcos,2025-09-20_20h04.34.469,css-task,2022.2.1,59.378156320177844,
,,,,,,,,,,,,,,,,,,,,4,0,4,0,,,,,,,,,,,,,,,,,,,,,,,,,,,,,,,,,,,,,,,,,,,,,,,,,,,,,,,826594791,Marcos,2025-09-20_20h04.34.469,css-task,2022.2.1,59.378156320177844,
,,,,,,,,,,,,,,,,,,,,,,,,,,,,,,,826594791,,,,,,,,,,,,,,,,,,,,,,,,,,,,,,,,,,,,,,,,,,,1186.3998274999904,1186.3998274999904,1186.3998274999904,1093.431906600017,,,,,,,
